page_id,year,month,rank,title,views
3108052,2015,7,45,Joanna Przetakiewicz,42718
2044138,2015,7,48,Robert M,41556
2865738,2015,7,198,Lista odcinków serialu Świat według Kiepskich,23964
672962,2015,7,238,Tadeusz Szymków,22546
5530443,2015,7,243,Reprezentacja Polski w piłce nożnej,22346
3103984,2015,7,273,Ciasteczko,21328
2665958,2015,7,309,Bracia Figo Fagot,19555
705027,2015,7,321,Krzysztof Kruszewski,19141
200401,2015,7,366,Sebastian Riedel,18104
1562436,2015,7,522,Kali (raper),15191
1019846,2015,7,547,Kabaret Limo,14888
112434,2015,7,597,Kabaret Ani Mru-Mru,14288
97207,2015,7,624,Wykaz ras psów agresywnych,14080
777276,2015,7,626,Firma (zespół muzyczny),14065
2552054,2015,7,661,Ewa Błachnio,13650
1119301,2015,7,750,Lista odcinków serialu Miodowe lata,12813
99070,2015,7,763,Wykaz środków odurzających i substancji psychotropowych,12736
119456,2015,7,813,Polska Klasyfikacja Działalności,12329
3263712,2015,7,936,Stefan Pawłowski,11548
672962,2015,8,28,Tadeusz Szymków,59378
4329425,2015,8,62,Andrzej Radomski,40315
1492794,2015,8,83,Barbara Szcześniak,35975
3108052,2015,8,87,Joanna Przetakiewicz,35478
2865738,2015,8,198,Lista odcinków serialu Świat według Kiepskich,25474
715444,2015,8,235,Jacek Zieliński (muzyk),23434
5530443,2015,8,288,Reprezentacja Polski w piłce nożnej,20984
2044138,2015,8,299,Robert M,20736
3103984,2015,8,319,Ciasteczko,20158
304455,2015,8,448,Oddział Zamknięty,17063
2601132,2015,8,491,Piotr Kuryło,16377
119456,2015,8,557,Polska Klasyfikacja Działalności,15524
97207,2015,8,572,Wykaz ras psów agresywnych,15401
1814487,2015,8,600,Linia kolejowa nr 250,15099
1019846,2015,8,603,Kabaret Limo,15069
5209061,2015,8,607,Anna Wesołowska,15032
2665958,2015,8,691,Bracia Figo Fagot,14172
1562436,2015,8,752,Kali (raper),13510
688554,2015,8,780,Robert Kantereit,13225
1462811,2015,8,849,Referendum ogólnokrajowe,12765
564245,2015,8,860,Marek Przybylik,12668
1119301,2015,8,864,Lista odcinków serialu Miodowe lata,12633
121013,2015,8,899,Anna Kalczyńska,12367
2366013,2015,8,914,Poparzeni Kawą Trzy,12297
132836,2015,8,923,Przełomowe bitwy w historii świata,12259
4391671,2015,8,940,Pierwsza miłość,12167
5530443,2015,9,40,Reprezentacja Polski w piłce nożnej,60095
5142645,2015,9,124,Maria Sadowska,37680
672962,2015,9,231,Tadeusz Szymków,28356
2865738,2015,9,288,Lista odcinków serialu Świat według Kiepskich,26058
134786,2015,9,318,Dzień Edukacji Narodowej,24521
1524920,2015,9,325,Rinke Rooyens,24206
4391671,2015,9,364,Pierwsza miłość,23033
3110896,2015,9,423,Aleksander Milwiw-Baron,21528
1814487,2015,9,436,Linia kolejowa nr 250,21153
1462811,2015,9,456,Referendum ogólnokrajowe,20676
30338,2015,9,673,Iloczyn,16922
2366013,2015,9,780,Poparzeni Kawą Trzy,15682
5530443,2015,10,20,Reprezentacja Polski w piłce nożnej,105457
134786,2015,10,25,Dzień Edukacji Narodowej,100114
2383348,2015,10,92,Okręgi wyborcze do Sejmu Rzeczypospolitej Polskiej,46411
5382441,2015,10,138,KORWiN,37917
5142645,2015,10,157,Maria Sadowska,35926
3110896,2015,10,162,Aleksander Milwiw-Baron,35689
881145,2015,10,233,Diana Rudnik,30800
2865738,2015,10,293,Lista odcinków serialu Świat według Kiepskich,28157
4391671,2015,10,496,Pierwsza miłość,20929
3103984,2015,10,595,Ciasteczko,19304
2366013,2015,10,813,Poparzeni Kawą Trzy,16625
1814487,2015,10,830,Linia kolejowa nr 250,16440
1524920,2015,10,848,Rinke Rooyens,16274
30338,2015,10,892,Iloczyn,15822
1104563,2015,10,938,Finansowanie partii politycznych w Polsce,15464
5417420,2015,10,949,Kamienie na szaniec,15402
5530443,2015,11,61,Reprezentacja Polski w piłce nożnej,69692
4216078,2015,11,64,Trybunał Konstytucyjny,68683
5142645,2015,11,205,Maria Sadowska,35830
1814487,2015,11,222,Linia kolejowa nr 250,34586
3110896,2015,11,278,Aleksander Milwiw-Baron,31479
1064794,2015,11,320,Afera gruntowa,29462
2865738,2015,11,331,Lista odcinków serialu Świat według Kiepskich,29056
2784134,2015,11,346,Tomasz Barański,28565
1780281,2015,11,596,Maria Teresa Kiszczak,21295
478648,2015,11,686,Grzyby chronione w Polsce,19771
3870216,2015,11,726,Choroby genetyczne,19321
4391671,2015,11,749,Pierwsza miłość,18983
2366013,2015,11,901,Poparzeni Kawą Trzy,16937
1326951,2015,11,983,Dni wolne od pracy w Polsce,16236
58079,2015,11,985,Lista Macierewicza,16231
4216078,2015,12,3,Trybunał Konstytucyjny,279938
983522,2015,12,28,Ślizg (czasopismo),81790
3551554,2015,12,30,Kortez,75721
1814487,2015,12,51,Linia kolejowa nr 250,61079
4222001,2015,12,68,Jan Góra,52163
132839,2015,12,71,Lech Falandysz,51244
5530443,2015,12,116,Reprezentacja Polski w piłce nożnej,39346
1562436,2015,12,166,Kali (raper),33876
777276,2015,12,214,Firma (zespół muzyczny),30839
2865738,2015,12,228,Lista odcinków serialu Świat według Kiepskich,29932
1856748,2015,12,286,Piotr Tuleja,26787
1550465,2015,12,316,Kolędy polskie,25178
126210,2015,12,371,Marek Zubik,23741
2366013,2015,12,449,Poparzeni Kawą Trzy,21788
4648932,2015,12,487,Lech Morawski,21038
1046936,2015,12,512,Wojciech Jasiński,20650
76215,2015,12,618,Podział administracyjny województwa lubelskiego,18730
4391671,2015,12,688,Pierwsza miłość,17841
3343568,2015,12,690,Ganja Mafia,17794
97207,2015,12,776,Wykaz ras psów agresywnych,16866
3462869,2015,12,801,Sound’n’Grace,16609
2034389,2015,12,810,Cykl Inkwizytorski,16535
4216078,2016,1,108,Trybunał Konstytucyjny,49896
496180,2016,1,162,Danuta Holecka,41348
2865738,2016,1,242,Lista odcinków serialu Świat według Kiepskich,35344
5530443,2016,1,287,Reprezentacja Polski w piłce nożnej,32736
1417459,2016,1,403,Kamil Dąbrowa,27547
881145,2016,1,424,Diana Rudnik,26894
121013,2016,1,489,Anna Kalczyńska,25329
783009,2016,1,491,Andrzej Banasiak,25301
4391671,2016,1,526,Pierwsza miłość,24381
2366013,2016,1,623,Poparzeni Kawą Trzy,22553
1562436,2016,1,627,Kali (raper),22514
3360903,2016,1,637,Piłka ręczna na Letnich Igrzyskach Olimpijskich 2016 – światowe turnieje kwalifikacyjne,22274
3551518,2016,1,768,Kontynentalne kwalifikacje w piłce siatkowej mężczyzn do Letnich Igrzysk Olimpijskich 2016,20459
1814487,2016,1,783,Linia kolejowa nr 250,20292
97207,2016,1,856,Wykaz ras psów agresywnych,19349
1780281,2016,2,26,Maria Teresa Kiszczak,87967
2865738,2016,2,207,Lista odcinków serialu Świat według Kiepskich,33438
5530443,2016,2,327,Reprezentacja Polski w piłce nożnej,26786
461470,2016,2,331,Krystyna Loska,26681
1379920,2016,2,388,Jerzy Błaszczyk,24673
4391671,2016,2,426,Pierwsza miłość,23381
58079,2016,2,436,Lista Macierewicza,23110
3537425,2016,2,451,Pitbull. Nowe porządki,22835
882097,2016,2,495,Strzelanina w Magdalence,21860
2808235,2016,2,658,Wacław Berczyński,19092
1562436,2016,2,667,Kali (raper),18937
1384407,2016,2,700,SB a Lech Wałęsa. Przyczynek do biografii,18307
1435935,2016,2,819,Zabójstwo małżeństwa Jaroszewiczów,17066
441394,2016,2,852,Michał Jagiełło,16796
97207,2016,2,855,Wykaz ras psów agresywnych,16760
783009,2016,2,871,Andrzej Banasiak,16568
4216078,2016,2,900,Trybunał Konstytucyjny,16302
1039763,2016,2,905,Edward Miszczak,16268
5722000,2016,2,959,Maciej Nowak,15697
4216078,2016,3,55,Trybunał Konstytucyjny,69096
5530443,2016,3,66,Reprezentacja Polski w piłce nożnej,64673
2865738,2016,3,198,Lista odcinków serialu Świat według Kiepskich,36478
4297547,2016,3,291,Anna Dąbrowska,30453
1088494,2016,3,303,Jerzy Grzechnik,29643
1379920,2016,3,340,Jerzy Błaszczyk,28128
4391671,2016,3,369,Pierwsza miłość,26947
97207,2016,3,454,Wykaz ras psów agresywnych,24624
1814487,2016,3,511,Linia kolejowa nr 250,23289
3993748,2016,3,546,Krzysztof Zalewski,22496
2374099,2016,3,608,Karol Bedorf,21550
222843,2016,3,680,Witold Roland,20213
468386,2016,3,737,Joka,19153
2528082,2016,3,851,Dorota Szelągowska,17925
3641465,2016,3,864,Krajowe Eliminacje do Konkursu Piosenki Eurowizji 2016,17741
4216078,2016,4,187,Trybunał Konstytucyjny,34828
222843,2016,4,215,Witold Roland,32132
5530443,2016,4,216,Reprezentacja Polski w piłce nożnej,32117
3568824,2016,4,217,Małgorzata Zwiercan,32113
2865738,2016,4,228,Lista odcinków serialu Świat według Kiepskich,31201
5205112,2016,4,234,Dariusz Krupa,30327
636258,2016,4,291,Rezolucja (polityka),27037
1814487,2016,4,334,Linia kolejowa nr 250,25746
1088494,2016,4,391,Jerzy Grzechnik,23868
97207,2016,4,468,Wykaz ras psów agresywnych,21973
1562436,2016,4,610,Kali (raper),19459
6007112,2016,4,660,Chłopiec w pasiastej piżamie,18653
4391671,2016,4,694,Pierwsza miłość,18161
4297547,2016,4,874,Anna Dąbrowska,16380
2044138,2016,4,886,Robert M,16272
3289826,2016,4,986,Lista gatunków roślin objętych ścisłą ochroną w Polsce,15491
504620,2016,5,4,Maria Czubaszek,283385
5530443,2016,5,58,Reprezentacja Polski w piłce nożnej,58515
3707197,2016,5,98,Krystian Rempała,48074
3589029,2016,5,136,Aziz Karaoglu,41083
2528082,2016,5,191,Dorota Szelągowska,34480
3632655,2016,5,243,Jolanta Czaplińska,31152
2865738,2016,5,300,Lista odcinków serialu Świat według Kiepskich,28327
198924,2016,5,327,Lotto (gra liczbowa),26920
783009,2016,5,365,Andrzej Banasiak,25573
1088494,2016,5,376,Jerzy Grzechnik,25130
4216078,2016,5,377,Trybunał Konstytucyjny,25101
222843,2016,5,486,Witold Roland,22291
1814487,2016,5,519,Linia kolejowa nr 250,21249
2081539,2016,5,635,Święta katolickie w Polsce,18985
1562436,2016,5,787,Kali (raper),17272
4391671,2016,5,799,Pierwsza miłość,17179
454960,2016,5,867,Jacek Janczarski,16489
2552054,2016,5,944,Ewa Błachnio,15888
5530443,2016,6,4,Reprezentacja Polski w piłce nożnej,397928
3551554,2016,6,170,Kortez,37217
1030721,2016,6,198,Jerzy Zimowski,33762
2865738,2016,6,416,Lista odcinków serialu Świat według Kiepskich,22185
1814487,2016,6,465,Linia kolejowa nr 250,20674
1019875,2016,6,555,Kataryna,19073
461470,2016,6,708,Krystyna Loska,16874
4216078,2016,6,727,Trybunał Konstytucyjny,16516
3707197,2016,6,735,Krystian Rempała,16434
3620026,2016,6,751,Jan Tomaszewski,16229
3052928,2016,6,759,KęKę,16165
4297547,2016,6,781,Anna Dąbrowska,15817
504620,2016,6,865,Maria Czubaszek,14954
2528082,2016,6,870,Dorota Szelągowska,14907
5530443,2016,7,16,Reprezentacja Polski w piłce nożnej,155712
532055,2016,7,67,Jerzy Nasierowski,57221
1814487,2016,7,185,Linia kolejowa nr 250,31240
1011745,2016,7,270,Ewa Żukowska,25698
2865738,2016,7,281,Lista odcinków serialu Świat według Kiepskich,25218
76215,2016,7,439,Podział administracyjny województwa lubelskiego,19922
783009,2016,7,450,Andrzej Banasiak,19747
97207,2016,7,600,Wykaz ras psów agresywnych,16672
4951136,2016,7,614,Daleko od szosy,16477
968952,2016,7,620,Alan Andersz,16408
2528082,2016,7,621,Dorota Szelągowska,16399
3537425,2016,7,791,Pitbull. Nowe porządki,14435
891320,2016,7,818,Olga Szomańska,14202
2304885,2016,8,47,Emerytura olimpijska,64362
5530443,2016,8,97,Reprezentacja Polski w piłce nożnej,45242
1407765,2016,8,120,Polscy medaliści letnich igrzysk olimpijskich,38962
1814487,2016,8,137,Linia kolejowa nr 250,36139
411082,2016,8,243,Kostek Joriadis,27155
3082368,2016,8,247,Jolanta Molenda,26838
3688756,2016,8,251,Adrian Zieliński,26612
2865738,2016,8,263,Lista odcinków serialu Świat według Kiepskich,25976
76215,2016,8,300,Podział administracyjny województwa lubelskiego,24599
560056,2016,8,396,Tercet Egzotyczny,21798
3640944,2016,8,448,Państwa uczestniczące w Letnich Igrzyskach Olimpijskich 2016,20643
2528082,2016,8,456,Dorota Szelągowska,20421
3537425,2016,8,461,Pitbull. Nowe porządki,20362
783009,2016,8,548,Andrzej Banasiak,18224
3077176,2016,8,584,Małgorzata Raczyńska-Weinsberg,17607
3165834,2016,8,690,Bogusław Leśnodorski (ur. 1975),16190
97207,2016,8,739,Wykaz ras psów agresywnych,15574
3052928,2016,8,883,KęKę,14097
4216078,2016,8,963,Trybunał Konstytucyjny,13431
2672654,2016,9,66,Mariola Bojarska-Ferenc,52339
2916980,2016,9,78,Małgorzata Rozenek-Majdan,47362
891320,2016,9,82,Olga Szomańska,46593
5530443,2016,9,93,Reprezentacja Polski w piłce nożnej,44489
1814487,2016,9,115,Linia kolejowa nr 250,39373
5142645,2016,9,139,Maria Sadowska,35850
3769462,2016,9,241,Leszek Stanek,28347
3052928,2016,9,267,KęKę,27467
2865738,2016,9,287,Lista odcinków serialu Świat według Kiepskich,26918
1524920,2016,9,293,Rinke Rooyens,26819
76215,2016,9,300,Podział administracyjny województwa lubelskiego,26694
1232047,2016,9,312,Agnieszka Woźniak-Starak,26257
3832725,2016,9,316,Michał Żurawski,26084
2552054,2016,9,374,Ewa Błachnio,23642
3537425,2016,9,391,Pitbull. Nowe porządki,22983
4391671,2016,9,510,Pierwsza miłość,20454
134786,2016,9,546,Dzień Edukacji Narodowej,19634
3110896,2016,9,571,Aleksander Milwiw-Baron,19141
3108052,2016,9,699,Joanna Przetakiewicz,17219
3462869,2016,9,706,Sound’n’Grace,17073
198075,2016,9,720,Waldemar Goszcz,16864
4026999,2016,9,785,Zdzisław Marchwicki,16246
3165701,2016,9,939,Łukasz Jemioł,14716
134786,2016,10,45,Dzień Edukacji Narodowej,72378
1814487,2016,10,46,Linia kolejowa nr 250,70914
3769462,2016,10,47,Leszek Stanek,70620
76215,2016,10,48,Podział administracyjny województwa lubelskiego,70070
2916980,2016,10,116,Małgorzata Rozenek-Majdan,42507
3832725,2016,10,128,Michał Żurawski,40216
1011745,2016,10,174,Ewa Żukowska,35044
5142645,2016,10,194,Maria Sadowska,33724
891320,2016,10,257,Olga Szomańska,29988
2865738,2016,10,293,Lista odcinków serialu Świat według Kiepskich,27980
80379,2016,10,301,Strzelcy bramek dla reprezentacji Polski w piłce nożnej mężczyzn,27642
3110896,2016,10,367,Aleksander Milwiw-Baron,24898
4391671,2016,10,414,Pierwsza miłość,23857
3165701,2016,10,466,Łukasz Jemioł,22544
2552054,2016,10,553,Ewa Błachnio,20982
3481676,2016,10,577,Radzimir Dębski,20516
4026999,2016,10,588,Zdzisław Marchwicki,20361
1524920,2016,10,671,Rinke Rooyens,18897
4216078,2016,10,708,Trybunał Konstytucyjny,18383
783009,2016,10,718,Andrzej Banasiak,18275
3551554,2016,10,912,Kortez,16474
3537425,2016,10,920,Pitbull. Nowe porządki,16440
4026999,2016,11,37,Zdzisław Marchwicki,88580
3832725,2016,11,80,Michał Żurawski,58467
3208498,2016,11,89,Sędzia-komisarz,54783
1814487,2016,11,140,Linia kolejowa nr 250,44465
3769462,2016,11,149,Leszek Stanek,43467
3537425,2016,11,184,Pitbull. Nowe porządki,38888
891320,2016,11,198,Olga Szomańska,37637
5142645,2016,11,249,Maria Sadowska,34131
3759751,2016,11,295,Tomasz Oświeciński,30960
80379,2016,11,299,Strzelcy bramek dla reprezentacji Polski w piłce nożnej mężczyzn,30798
2916980,2016,11,352,Małgorzata Rozenek-Majdan,27987
2865738,2016,11,443,Lista odcinków serialu Świat według Kiepskich,25335
4391671,2016,11,450,Pierwsza miłość,25181
3332301,2016,11,455,Romuald Cichoń,25013
76215,2016,11,457,Podział administracyjny województwa lubelskiego,24910
100652,2016,11,595,Marcin Pawłowski (dziennikarz),22104
670996,2016,11,631,Neo-Nówka,21547
90690,2016,11,701,Wojciech Mann,20496
4216078,2016,11,720,Trybunał Konstytucyjny,20219
3110896,2016,11,752,Aleksander Milwiw-Baron,19807
1034284,2016,11,802,Rafał Maserak,19027
3870216,2016,11,838,Choroby genetyczne,18512
3551554,2016,11,911,Kortez,17722
783009,2016,11,964,Andrzej Banasiak,17236
1814487,2016,12,60,Linia kolejowa nr 250,57612
4216078,2016,12,118,Trybunał Konstytucyjny,42824
623998,2016,12,124,Anna Chodakowska,42252
4456916,2016,12,164,Lista odcinków serialu Nie z tego świata,37157
3108052,2016,12,306,Joanna Przetakiewicz,28311
90690,2016,12,349,Wojciech Mann,26511
729761,2016,12,358,Maja Frykowska,26053
3759751,2016,12,386,Tomasz Oświeciński,25211
2374099,2016,12,389,Karol Bedorf,25197
2865738,2016,12,438,Lista odcinków serialu Świat według Kiepskich,23935
1550465,2016,12,476,Kolędy polskie,22892
3852368,2016,12,507,Adam Mazguła,22322
128673,2016,12,558,Robert Friedrich,21481
4391671,2016,12,570,Pierwsza miłość,21219
2916980,2016,12,609,Małgorzata Rozenek-Majdan,20565
3537425,2016,12,627,Pitbull. Nowe porządki,20317
3832725,2016,12,636,Michał Żurawski,20076
198353,2016,12,674,Reprezentacja Polski w skokach narciarskich,19564
3594482,2016,12,716,Antoni Pikul,19040
2421809,2016,12,719,Borys Mańkowski,19016
737384,2016,12,792,Imieniny – grudzień,18095
612119,2016,12,826,Procedura budżetowa w Polsce,17781
3870216,2016,12,929,Choroby genetyczne,16622
1814487,2017,1,41,Linia kolejowa nr 250,87387
4026999,2017,1,51,Zdzisław Marchwicki,75793
1302254,2017,1,90,Sprawa zabójstwa Krzysztofa Olewnika,55731
3568826,2017,1,122,Rafał Wójcikowski,47637
1845137,2017,1,225,Lista skoczków narciarskich ze zwycięstwem w Pucharze Świata,36366
3076032,2017,1,256,"PM2,5",34417
198353,2017,1,277,Reprezentacja Polski w skokach narciarskich,33177
2528082,2017,1,281,Dorota Szelągowska,32793
673786,2017,1,290,Stan pomroczny jasny,32452
2865738,2017,1,335,Lista odcinków serialu Świat według Kiepskich,29388
5142645,2017,1,394,Maria Sadowska,27795
2421090,2017,1,427,Józef Kijowski,26721
4216078,2017,1,567,Trybunał Konstytucyjny,23688
4391671,2017,1,594,Pierwsza miłość,23217
3551554,2017,1,654,Kortez,22075
476663,2017,1,752,Puchar Narodów w skokach narciarskich,20820
121672,2017,1,817,Kabaret Moralnego Niepokoju,19905
2916980,2017,1,903,Małgorzata Rozenek-Majdan,18888
82007,2017,1,959,Imieniny – styczeń,18292
2528082,2017,2,37,Dorota Szelągowska,75698
1277709,2017,2,104,Wojciech Łuszczykiewicz,46746
1814487,2017,2,244,Linia kolejowa nr 250,31460
4026999,2017,2,276,Zdzisław Marchwicki,29966
783009,2017,2,297,Andrzej Banasiak,28093
968952,2017,2,332,Alan Andersz,26922
5142645,2017,2,360,Maria Sadowska,26026
2865738,2017,2,369,Lista odcinków serialu Świat według Kiepskich,25778
2916980,2017,2,379,Małgorzata Rozenek-Majdan,25372
918329,2017,2,388,Mars napada,25123
3849212,2017,2,444,Sprawiedliwi – Wydział Kryminalny,23876
1115787,2017,2,473,Ryszard Bogucki,23124
4391671,2017,2,521,Pierwsza miłość,22192
4297547,2017,2,568,Anna Dąbrowska,21480
3762900,2017,2,659,Tomasz Niecik,20023
1059427,2017,2,708,Natalia Niemen,19162
3461152,2017,2,748,Piotr Pytel,18736
1575838,2017,2,895,Klątwa (dramat),16956
2421809,2017,2,905,Borys Mańkowski,16863
419628,2017,2,907,Imieniny – luty,16798
3076032,2017,2,938,"PM2,5",16392
1345480,2017,3,44,Adrianna Godlewska,78851
312310,2017,3,79,Agata Młynarska,58651
3822039,2017,3,105,Jan Młynarski,52130
1678353,2017,3,136,Parostki,44651
5762096,2017,3,175,Zofia Nowakowska,40105
1277709,2017,3,192,Wojciech Łuszczykiewicz,38881
2916980,2017,3,246,Małgorzata Rozenek-Majdan,33613
968952,2017,3,280,Alan Andersz,31562
205007,2017,3,287,Paulina Chylewska,31171
3052427,2017,3,325,Łukasz Jakóbiak,29063
2528082,2017,3,354,Dorota Szelągowska,27950
2865738,2017,3,388,Lista odcinków serialu Świat według Kiepskich,26766
3849212,2017,3,412,Sprawiedliwi – Wydział Kryminalny,26128
3762900,2017,3,446,Tomasz Niecik,25281
476663,2017,3,511,Puchar Narodów w skokach narciarskich,24064
557539,2017,3,558,Tomasz Zimoch,22847
4391671,2017,3,582,Pierwsza miłość,22397
1131215,2017,3,606,Katarzyna Piasecka,21881
198353,2017,3,683,Reprezentacja Polski w skokach narciarskich,20520
938660,2017,3,693,Dzięcielina,20305
1814487,2017,3,754,Linia kolejowa nr 250,19526
722578,2017,3,778,Imieniny – marzec,19234
4297547,2017,3,789,Anna Dąbrowska,19048
4026999,2017,3,821,Zdzisław Marchwicki,18743
2186877,2017,4,35,Saksoński bocian,77981
2808235,2017,4,54,Wacław Berczyński,60925
2916980,2017,4,99,Małgorzata Rozenek-Majdan,44590
29977,2017,4,178,Zwierzęta objęte ścisłą ochroną gatunkową w Polsce (2014–2017),35397
2528082,2017,4,257,Dorota Szelągowska,30502
3929814,2017,4,378,Piotr Kędzierski,24718
1277709,2017,4,404,Wojciech Łuszczykiewicz,23852
2865738,2017,4,408,Lista odcinków serialu Świat według Kiepskich,23790
4026999,2017,4,449,Zdzisław Marchwicki,22906
5762096,2017,4,454,Zofia Nowakowska,22856
1814487,2017,4,490,Linia kolejowa nr 250,22178
3759751,2017,4,554,Tomasz Oświeciński,20903
3849212,2017,4,591,Sprawiedliwi – Wydział Kryminalny,20139
1943996,2017,4,648,Łabędź rostowski,19269
968952,2017,4,659,Alan Andersz,19131
1326951,2017,4,767,Dni wolne od pracy w Polsce,17640
4391671,2017,4,784,Pierwsza miłość,17469
4297547,2017,4,948,Anna Dąbrowska,15720
2631141,2017,4,952,Kazimierz Nowaczyk,15704
495625,2017,4,963,Tomasz Kammel,15614
20545,2017,4,983,Polska czerwona księga zwierząt,15376
2421809,2017,5,106,Borys Mańkowski,45866
5417420,2017,5,117,Kamienie na szaniec,43929
2083649,2017,5,173,Robert Klatt,36011
29977,2017,5,190,Zwierzęta objęte ścisłą ochroną gatunkową w Polsce (2014–2017),35021
3500849,2017,5,245,Dzwon ratowniczy,31343
503658,2017,5,266,Artur Włodarski,30493
2081539,2017,5,316,Święta katolickie w Polsce,28321
2916980,2017,5,435,Małgorzata Rozenek-Majdan,24213
3849212,2017,5,468,Sprawiedliwi – Wydział Kryminalny,23328
2372498,2017,5,502,Łukasz Jurkowski,22538
1814487,2017,5,521,Linia kolejowa nr 250,22009
149506,2017,5,558,Obcy,21327
2865738,2017,5,574,Lista odcinków serialu Świat według Kiepskich,21011
6001268,2017,5,611,Krzysztof Łapiński,20410
4297547,2017,5,673,Anna Dąbrowska,19549
2916300,2017,5,677,Dr Misio,19490
3551554,2017,5,695,Kortez,19284
2528082,2017,5,702,Dorota Szelągowska,19178
3289826,2017,5,709,Lista gatunków roślin objętych ścisłą ochroną w Polsce,19113
4648932,2017,5,712,Lech Morawski,19103
3760129,2017,5,724,Mitch & Mitch,18971
178586,2017,5,729,Rezydent,18896
20545,2017,5,789,Polska czerwona księga zwierząt,18121
4060512,2017,5,817,Zamach na Jana Pawła II,17811
982563,2017,5,874,Classic,17115
4391671,2017,5,883,Pierwsza miłość,16968
2916980,2017,6,64,Małgorzata Rozenek-Majdan,48353
4010192,2017,6,105,Kazimierz Sowa,37024
80379,2017,6,199,Strzelcy bramek dla reprezentacji Polski w piłce nożnej mężczyzn,27101
3025485,2017,6,212,Jacek Skiba,26192
2354612,2017,6,253,Osadnik Gajówka,24380
3849212,2017,6,269,Sprawiedliwi – Wydział Kryminalny,23991
1814487,2017,6,291,Linia kolejowa nr 250,22867
2865738,2017,6,533,Lista odcinków serialu Świat według Kiepskich,17457
3749901,2017,6,538,Komisja śledcza do zbadania prawidłowości i legalności działań organów i instytucji publicznych wobec podmiotów wchodzących w skład Grupy Amber Gold,17427
1301585,2017,6,565,Mejk,17155
58079,2017,6,717,Lista Macierewicza,15228
193093,2017,6,718,Milano (zespół muzyczny),15226
423857,2017,6,834,Trzeci Oddech Kaczuchy,14156
737357,2017,6,867,Imieniny – czerwiec,13961
200005,2017,6,895,Sławomir Świerzyński,13717
3690242,2017,6,919,Piękni i Młodzi,13482
4026999,2017,6,942,Zdzisław Marchwicki,13353
2528082,2017,6,948,Dorota Szelągowska,13311
184419,2017,7,63,Tadeusz Sznuk,47074
4648932,2017,7,147,Lech Morawski,32151
1814487,2017,7,166,Linia kolejowa nr 250,30633
3044761,2017,7,276,Marek Wysocki,24246
2354612,2017,7,281,Osadnik Gajówka,24028
3690242,2017,7,312,Piękni i Młodzi,22663
960702,2017,7,324,Bohdan Zdziennicki,22136
2865738,2017,7,342,Lista odcinków serialu Świat według Kiepskich,21508
200401,2017,7,406,Sebastian Riedel,19581
2528082,2017,7,474,Dorota Szelągowska,18300
430220,2017,7,523,Pierwszy Prezes Sądu Najwyższego,17338
1014801,2017,7,534,Weto ustawodawcze,17137
2450102,2017,7,546,Bronisław Berman,17052
737361,2017,7,551,Imieniny – lipiec,17030
513303,2017,7,553,Imperatyw,17024
2916980,2017,7,554,Małgorzata Rozenek-Majdan,17018
594670,2017,7,571,Andrzej Rosiewicz,16785
3849212,2017,7,647,Sprawiedliwi – Wydział Kryminalny,15610
3736940,2017,7,650,Projekt Lady,15562
4216078,2017,7,657,Trybunał Konstytucyjny,15466
2055360,2017,7,716,Święto Policji,14888
3574201,2017,7,834,Sejm Rzeczypospolitej Polskiej VIII kadencji,13846
4084954,2017,7,856,Ciekawy przypadek Benjamina Buttona,13650
4160301,2017,7,861,Jerzy Targalski,13588
97207,2017,7,924,Wykaz ras psów agresywnych,13092
2552054,2017,7,968,Ewa Błachnio,12769
1543724,2017,8,12,Bruno Miecugow,88377
721375,2017,8,70,Wanda Kwietniewska,42352
1814487,2017,8,89,Linia kolejowa nr 250,38401
3736940,2017,8,100,Projekt Lady,36544
2916980,2017,8,104,Małgorzata Rozenek-Majdan,36283
2528082,2017,8,126,Dorota Szelągowska,33691
304455,2017,8,132,Oddział Zamknięty,32950
2865738,2017,8,320,Lista odcinków serialu Świat według Kiepskich,22837
2354612,2017,8,337,Osadnik Gajówka,22212
3849212,2017,8,379,Sprawiedliwi – Wydział Kryminalny,20595
1488235,2017,8,451,Kancelarya,18616
428004,2017,8,458,Tomasz Sianecki,18393
504620,2017,8,488,Maria Czubaszek,17929
3641927,2017,8,490,Nocny Kochanek,17916
4026999,2017,8,540,Zdzisław Marchwicki,17048
5417420,2017,8,562,Kamienie na szaniec,16754
184419,2017,8,624,Tadeusz Sznuk,16044
3108052,2017,8,626,Joanna Przetakiewicz,16012
437906,2017,8,807,De Mono,14121
4031678,2017,8,846,Tatiana Mindewicz-Puacz,13810
97207,2017,8,871,Wykaz ras psów agresywnych,13635
3966210,2017,8,877,Gliniarze (serial telewizyjny),13587
148158,2017,8,940,Wojciech Wencel,13128
3681057,2017,8,945,Ola Ciupa,13091
3108052,2017,9,40,Joanna Przetakiewicz,64992
2838951,2017,9,84,Michał Królikowski,47745
5142645,2017,9,85,Maria Sadowska,47643
1814487,2017,9,89,Linia kolejowa nr 250,47303
3849212,2017,9,150,Sprawiedliwi – Wydział Kryminalny,37111
4160301,2017,9,209,Jerzy Targalski,31933
3966210,2017,9,229,Gliniarze (serial telewizyjny),31008
2916980,2017,9,246,Małgorzata Rozenek-Majdan,30272
3754675,2017,9,299,Stanisław Karpiel-Bułecka,27375
1672322,2017,9,306,Gładysz,27223
4060125,2017,9,359,W rytmie serca (serial telewizyjny),25409
2865738,2017,9,417,Lista odcinków serialu Świat według Kiepskich,23150
3110896,2017,9,422,Aleksander Milwiw-Baron,23009
1543724,2017,9,455,Bruno Miecugow,22153
2528082,2017,9,564,Dorota Szelągowska,19700
2475452,2017,9,567,Mariusz Ostrowski,19620
3956986,2017,9,677,Jerzy Zięba,17798
912729,2017,9,685,Ryszard Faron,17680
5574161,2017,9,746,Andrzej Młynarczyk,16943
30338,2017,9,944,Iloczyn,15054
3924111,2017,9,966,Alfons Maćkowiak,14895
4391671,2017,9,973,Pierwsza miłość,14858
3108052,2017,10,18,Joanna Przetakiewicz,91560
3956986,2017,10,32,Jerzy Zięba,77046
1814487,2017,10,38,Linia kolejowa nr 250,72149
35410,2017,10,93,Sosręb,48778
134786,2017,10,121,Dzień Edukacji Narodowej,42964
3759751,2017,10,168,Tomasz Oświeciński,38011
5142645,2017,10,184,Maria Sadowska,36648
648394,2017,10,212,Piotr Tymochowicz,34395
3849212,2017,10,221,Sprawiedliwi – Wydział Kryminalny,33460
80379,2017,10,225,Strzelcy bramek dla reprezentacji Polski w piłce nożnej mężczyzn,33322
178586,2017,10,324,Rezydent,27960
2528082,2017,10,344,Dorota Szelągowska,26882
5317050,2017,10,361,Rafał Wolski,26094
3052427,2017,10,469,Łukasz Jakóbiak,22864
2865738,2017,10,487,Lista odcinków serialu Świat według Kiepskich,22506
672962,2017,10,495,Tadeusz Szymków,22373
783009,2017,10,505,Andrzej Banasiak,22190
3110896,2017,10,562,Aleksander Milwiw-Baron,21362
4160301,2017,10,593,Jerzy Targalski,20845
4060125,2017,10,631,W rytmie serca (serial telewizyjny),20032
2916980,2017,10,666,Małgorzata Rozenek-Majdan,19377
3754675,2017,10,726,Stanisław Karpiel-Bułecka,18442
30338,2017,10,785,Iloczyn,17767
3551554,2017,10,826,Kortez,17451
495625,2017,10,831,Tomasz Kammel,17416
3904462,2017,10,854,Renata Sosin,17180
21322,2017,10,884,Stopnie naukowe w Polsce,16910
3127740,2017,10,961,Historia reprezentacji Polski w piłce nożnej mężczyzn,16049
3015,2017,10,980,Krainy geograficzne w Polsce,15923
5537226,2017,10,983,Zjednoczenie Niemiec,15906
2420785,2017,11,24,Areometr Richtera,88288
3108052,2017,11,25,Joanna Przetakiewicz,88027
3551554,2017,11,35,Kortez,75595
1814487,2017,11,78,Linia kolejowa nr 250,53605
5142645,2017,11,136,Maria Sadowska,41225
3754675,2017,11,275,Stanisław Karpiel-Bułecka,30530
3849212,2017,11,296,Sprawiedliwi – Wydział Kryminalny,29270
1982415,2017,11,350,Agnieszka Paszkowska,26985
193817,2017,11,361,Sztufada,26488
3110896,2017,11,446,Aleksander Milwiw-Baron,24332
2865738,2017,11,495,Lista odcinków serialu Świat według Kiepskich,23239
29977,2017,11,501,Zwierzęta objęte ścisłą ochroną gatunkową w Polsce (2014–2017),23110
783009,2017,11,586,Andrzej Banasiak,21108
532055,2017,11,631,Jerzy Nasierowski,20448
93349,2017,11,666,Michał Zabłocki,19960
3052427,2017,11,782,Łukasz Jakóbiak,18534
4060125,2017,11,788,W rytmie serca (serial telewizyjny),18411
4391671,2017,11,789,Pierwsza miłość,18398
495625,2017,11,887,Tomasz Kammel,17399
3759751,2017,12,20,Tomasz Oświeciński,93352
3754675,2017,12,109,Stanisław Karpiel-Bułecka,44266
1814487,2017,12,111,Linia kolejowa nr 250,44001
3108052,2017,12,155,Joanna Przetakiewicz,38375
4297547,2017,12,208,Anna Dąbrowska,33163
3849212,2017,12,223,Sprawiedliwi – Wydział Kryminalny,32231
1550465,2017,12,292,Kolędy polskie,28903
3551554,2017,12,312,Kortez,27737
783009,2017,12,339,Andrzej Banasiak,26314
2421809,2017,12,417,Borys Mańkowski,23681
2634565,2017,12,474,Yach Paszkiewicz,21940
2865738,2017,12,505,Lista odcinków serialu Świat według Kiepskich,21387
200005,2017,12,534,Sławomir Świerzyński,20775
721375,2017,12,601,Wanda Kwietniewska,19717
1373254,2017,12,683,Paweł Golec,18372
1215783,2017,12,717,Obwodnica Marek,17973
565959,2017,12,750,Dominika Gawęda,17624
601926,2017,12,793,Leszek Aleksander Moczulski,17087
3690242,2017,12,799,Piękni i Młodzi,16958
2916980,2017,12,806,Małgorzata Rozenek-Majdan,16926
2528082,2017,12,821,Dorota Szelągowska,16794
3462869,2017,12,872,Sound’n’Grace,16265
4151916,2017,12,896,Marcin Dubieniecki,15994
3461152,2017,12,932,Piotr Pytel,15691
1093578,2017,12,936,Bolter,15645
1233555,2017,12,940,Robert Korólczyk,15608
4391671,2017,12,955,Pierwsza miłość,15527
1734417,2017,12,979,Antoni Chmielewski,15296
3645764,2018,1,58,"Lista Polaków, którzy zginęli w Himalajach i Karakorum",91115
2528082,2018,1,144,Dorota Szelągowska,53592
1404377,2018,1,191,Cudka,44476
2987085,2018,1,203,Marcin Kaczkan,42361
5534054,2018,1,204,Ryszard Pawłowski,42359
1845137,2018,1,210,Lista skoczków narciarskich ze zwycięstwem w Pucharze Świata,41803
3110896,2018,1,243,Aleksander Milwiw-Baron,38594
1814487,2018,1,278,Linia kolejowa nr 250,36387
2916980,2018,1,334,Małgorzata Rozenek-Majdan,32095
198353,2018,1,379,Reprezentacja Polski w skokach narciarskich,29925
198075,2018,1,444,Waldemar Goszcz,27981
2842915,2018,1,525,Niemierza Kazimierzowic,25535
1979334,2018,1,574,Jacek Berbeka,24311
3551554,2018,1,659,Kortez,22850
3108052,2018,1,691,Joanna Przetakiewicz,22295
2865738,2018,1,697,Lista odcinków serialu Świat według Kiepskich,22207
3849212,2018,1,844,Sprawiedliwi – Wydział Kryminalny,19914
1170248,2018,1,848,Krzysztof Berbeka,19875
447208,2018,1,864,Klara Zach,19577
3956986,2018,1,900,Jerzy Zięba,19251
1468582,2018,1,946,Marek Klonowski,18729
1775302,2018,1,966,Honorata Witańska,18492
1533781,2018,1,968,Olivier Janiak,18445
4205214,2018,2,76,Agata Nizińska,63775
3645764,2018,2,139,"Lista Polaków, którzy zginęli w Himalajach i Karakorum",46520
2304885,2018,2,162,Emerytura olimpijska,43825
2528082,2018,2,189,Dorota Szelągowska,39612
774738,2018,2,206,Barbara Winiarska,37752
2987085,2018,2,223,Marcin Kaczkan,36187
2916980,2018,2,253,Małgorzata Rozenek-Majdan,33944
438686,2018,2,261,Polscy medaliści zimowych igrzysk olimpijskich,33683
3108052,2018,2,268,Joanna Przetakiewicz,32837
3110896,2018,2,289,Aleksander Milwiw-Baron,31308
3327943,2018,2,304,Grzegorz Kiełb,30431
5534054,2018,2,322,Ryszard Pawłowski,29405
1641249,2018,2,373,Igor Kwiatkowski,27197
3052928,2018,2,408,KęKę,25860
4206006,2018,2,412,Jarosław Botor,25818
3214394,2018,2,464,Paweł Tamborski,24400
3759751,2018,2,537,Tomasz Oświeciński,22785
1814487,2018,2,558,Linia kolejowa nr 250,22450
198353,2018,2,603,Reprezentacja Polski w skokach narciarskich,21445
1533781,2018,2,617,Olivier Janiak,21139
4208343,2018,2,707,Botoks (serial telewizyjny),19671
2865738,2018,2,711,Lista odcinków serialu Świat według Kiepskich,19602
3551554,2018,2,771,Kortez,18697
3849212,2018,2,801,Sprawiedliwi – Wydział Kryminalny,18317
3578741,2018,2,818,TPS (raper),18117
3956986,2018,2,841,Jerzy Zięba,17839
4391671,2018,2,888,Pierwsza miłość,17408
1760837,2018,3,5,Chada,248321
1845137,2018,3,29,Lista skoczków narciarskich ze zwycięstwem w Pucharze Świata,85508
2916980,2018,3,45,Małgorzata Rozenek-Majdan,73283
3314730,2018,3,105,Jan Kliment (tancerz),50846
4140995,2018,3,106,Pitbull. Ostatni pies,50585
1207775,2018,3,126,Kolaudacja,47361
109888,2018,3,144,Jarosław Kret,43221
3862891,2018,3,192,Krzysztof Gojdź,37209
1435935,2018,3,197,Zabójstwo małżeństwa Jaroszewiczów,37008
1814487,2018,3,213,Linia kolejowa nr 250,35365
3108052,2018,3,261,Joanna Przetakiewicz,32048
4208343,2018,3,283,Botoks (serial telewizyjny),30825
1562436,2018,3,350,Kali (raper),27889
2799104,2018,3,369,Andrzej Jaroszewicz,27471
761834,2018,3,372,Monika Borys,27336
3849212,2018,3,431,Sprawiedliwi – Wydział Kryminalny,25376
3052928,2018,3,434,KęKę,25300
3759751,2018,3,547,Tomasz Oświeciński,22382
1641249,2018,3,610,Igor Kwiatkowski,21126
3966210,2018,3,621,Gliniarze (serial telewizyjny),20828
2865738,2018,3,630,Lista odcinków serialu Świat według Kiepskich,20705
6001352,2018,3,634,Anna Guzik,20602
495625,2018,3,670,Tomasz Kammel,20164
1346424,2018,3,690,Estry fosforanowe,19881
961703,2018,3,733,Piotr Janczerski,19452
2528082,2018,3,737,Dorota Szelągowska,19420
3754675,2018,3,741,Stanisław Karpiel-Bułecka,19341
1243529,2018,3,808,Katarzyna Montgomery,18435
1225919,2018,3,821,Jacek Kapica,18325
3551554,2018,3,883,Kortez,17568
4391671,2018,3,910,Pierwsza miłość,17351
4650781,2018,3,953,"Tamte dni, tamte noce",17023
1034284,2018,3,955,Rafał Maserak,17020
487413,2018,3,980,Maciej Dowbor,16793
4265454,2018,4,15,Emil Stępień,97877
4264676,2018,4,171,"Soma 0,5 mg",33849
29977,2018,4,172,Zwierzęta objęte ścisłą ochroną gatunkową w Polsce (2014–2017),33647
2916980,2018,4,181,Małgorzata Rozenek-Majdan,33055
4216788,2018,4,215,Ministerstwo Sprawiedliwości,30344
3052928,2018,4,231,KęKę,29911
2528082,2018,4,282,Dorota Szelągowska,27773
1760837,2018,4,283,Chada,27757
2552054,2018,4,319,Ewa Błachnio,26353
2245812,2018,4,320,Antoni Pszoniak,26274
1814487,2018,4,351,Linia kolejowa nr 250,24877
3849212,2018,4,508,Sprawiedliwi – Wydział Kryminalny,20709
3641927,2018,4,539,Nocny Kochanek,20104
1562436,2018,4,546,Kali (raper),19983
2865738,2018,4,740,Lista odcinków serialu Świat według Kiepskich,17184
3551554,2018,4,756,Kortez,17036
3753340,2018,4,816,Mandatariusz,16344
3862891,2018,4,829,Krzysztof Gojdź,16203
594670,2018,4,838,Andrzej Rosiewicz,16129
5257647,2018,4,842,Katarzyna Kwiatkowska,16065
1268748,2018,4,843,Aleja gwiazd,16052
4140995,2018,4,886,Pitbull. Ostatni pies,15594
3025485,2018,4,952,Jacek Skiba,15065
20545,2018,4,975,Polska czerwona księga zwierząt,14837
37672,2018,5,82,Defekacja,55066
3551554,2018,5,124,Kortez,45015
2916980,2018,5,127,Małgorzata Rozenek-Majdan,44441
29977,2018,5,132,Zwierzęta objęte ścisłą ochroną gatunkową w Polsce (2014–2017),43856
2354612,2018,5,145,Osadnik Gajówka,42544
4264676,2018,5,160,"Soma 0,5 mg",40872
3568924,2018,5,284,Bernadeta Krynicka,30804
3052928,2018,5,367,KęKę,27168
3849212,2018,5,399,Sprawiedliwi – Wydział Kryminalny,25807
1562436,2018,5,408,Kali (raper),25414
4265454,2018,5,448,Emil Stępień,24205
172998,2018,5,461,Piotr Bałtroczyk,23626
2516398,2018,5,486,Sara Chmiel,22969
2081539,2018,5,532,Święta katolickie w Polsce,21999
3966210,2018,5,592,Gliniarze (serial telewizyjny),20939
495625,2018,5,613,Tomasz Kammel,20570
2838951,2018,5,624,Michał Królikowski,20394
1864568,2018,5,637,Tomasz Ciachorowski,20118
154097,2018,5,726,Alojzy Piontek,18598
2017726,2018,5,756,Rezerwat przyrody Hedera,18271
1816630,2018,5,776,Powieść paraboliczna,17986
3108052,2018,5,785,Joanna Przetakiewicz,17910
2865738,2018,5,811,Lista odcinków serialu Świat według Kiepskich,17607
783009,2018,5,816,Andrzej Banasiak,17560
1760837,2018,5,868,Chada,16968
20545,2018,5,934,Polska czerwona księga zwierząt,16384
2013249,2018,6,78,Sławek Uniatowski,64493
3551554,2018,6,116,Kortez,52083
3127740,2018,6,125,Historia reprezentacji Polski w piłce nożnej mężczyzn,50504
2916980,2018,6,184,Małgorzata Rozenek-Majdan,40287
1562436,2018,6,223,Kali (raper),35786
721375,2018,6,259,Wanda Kwietniewska,32541
2374099,2018,6,270,Karol Bedorf,32178
3105535,2018,6,456,Sławomir Szewiński,22532
4264676,2018,6,477,"Soma 0,5 mg",22150
3736940,2018,6,495,Projekt Lady,21793
80379,2018,6,501,Strzelcy bramek dla reprezentacji Polski w piłce nożnej mężczyzn,21627
3108052,2018,6,520,Joanna Przetakiewicz,21144
3759751,2018,6,588,Tomasz Oświeciński,19337
691603,2018,6,589,Maciej Miecznikowski,19300
1492794,2018,6,590,Barbara Szcześniak,19288
2354612,2018,6,687,Osadnik Gajówka,17605
3332803,2018,6,689,Sara Brylewska,17581
2865738,2018,6,702,Lista odcinków serialu Świat według Kiepskich,17362
3332795,2018,6,728,Vivian Quarcoo,16980
3956986,2018,6,734,Jerzy Zięba,16858
3849212,2018,6,753,Sprawiedliwi – Wydział Kryminalny,16693
3966210,2018,6,780,Gliniarze (serial telewizyjny),16422
565959,2018,6,837,Dominika Gawęda,15720
3052928,2018,6,845,KęKę,15635
3127743,2018,6,913,Historia występów reprezentacji Polski w piłce nożnej mężczyzn w rozgrywkach międzynarodowych,15058
210385,2018,6,927,Przemysław Babiarz,14960
711391,2018,7,76,Kamil Sipowicz,59145
3551554,2018,7,157,Kortez,39194
3778614,2018,7,206,Józef Iwulski,33573
2354612,2018,7,269,Osadnik Gajówka,28559
2916980,2018,7,353,Małgorzata Rozenek-Majdan,24766
1042056,2018,7,433,"Blisko, coraz bliżej",21936
510480,2018,7,464,Milo Kurtis,20876
2865738,2018,7,468,Lista odcinków serialu Świat według Kiepskich,20774
3127740,2018,7,472,Historia reprezentacji Polski w piłce nożnej mężczyzn,20722
3108052,2018,7,529,Joanna Przetakiewicz,19493
3966210,2018,7,537,Gliniarze (serial telewizyjny),19337
3733133,2018,7,543,Marcin Matczak,19280
4264676,2018,7,550,"Soma 0,5 mg",19167
3103483,2018,7,580,Marek Chmaj,18661
960702,2018,7,649,Bohdan Zdziennicki,17536
3105535,2018,7,693,Sławomir Szewiński,16852
4274468,2018,7,694,Kobiety mafii (serial telewizyjny),16842
4951136,2018,7,788,Daleko od szosy,15629
2528082,2018,7,837,Dorota Szelągowska,15149
1735209,2018,7,854,Grzegorz Grzyb (muzyk),14990
3849212,2018,7,919,Sprawiedliwi – Wydział Kryminalny,14266
450786,2018,7,970,Wiesław Johann,13851
711391,2018,8,36,Kamil Sipowicz,63388
3967287,2018,8,42,Skurwysyn,60568
3551554,2018,8,59,Kortez,51878
2420785,2018,8,71,Areometr Richtera,49342
1814487,2018,8,116,Linia kolejowa nr 250,38939
804412,2018,8,155,Henryk Niewiadomski,33103
1524920,2018,8,183,Rinke Rooyens,30970
2354612,2018,8,222,Osadnik Gajówka,28997
3966210,2018,8,243,Gliniarze (serial telewizyjny),27703
2916980,2018,8,281,Małgorzata Rozenek-Majdan,25806
2865738,2018,8,307,Lista odcinków serialu Świat według Kiepskich,24841
916926,2018,8,395,Genowefa Pigwa,21694
4313797,2018,8,422,Tamara Gonzalez Perea,20956
649252,2018,8,459,Felicjan Andrzejczak,20017
1533781,2018,8,468,Olivier Janiak,19835
2528082,2018,8,476,Dorota Szelągowska,19642
783009,2018,8,484,Andrzej Banasiak,19543
1641249,2018,8,528,Igor Kwiatkowski,18779
565959,2018,8,544,Dominika Gawęda,18384
4293273,2018,8,547,Klocuch,18349
343412,2018,8,573,Vox (zespół muzyczny),17855
2829833,2018,8,580,Adrianna Borek,17746
3849212,2018,8,590,Sprawiedliwi – Wydział Kryminalny,17671
2013249,2018,8,592,Sławek Uniatowski,17646
510480,2018,8,623,Milo Kurtis,17225
3956986,2018,8,657,Jerzy Zięba,16911
4140995,2018,8,658,Pitbull. Ostatni pies,16895
1232047,2018,8,675,Agnieszka Woźniak-Starak,16671
86849,2018,8,687,Zbigniew Hołdys,16463
461470,2018,8,742,Krystyna Loska,15793
3641927,2018,8,761,Nocny Kochanek,15601
3675293,2018,8,786,Mirosław Gawor,15399
97207,2018,8,893,Wykaz ras psów agresywnych,14411
163034,2018,8,918,Piotr Najsztub,14186
1207775,2018,9,12,Kolaudacja,140245
141571,2018,9,55,Fundusz Obsługi Zadłużenia Zagranicznego,60497
1524920,2018,9,58,Rinke Rooyens,59085
4278512,2018,9,108,Adriana Kalska,42844
3551554,2018,9,139,Kortez,38145
1814487,2018,9,166,Linia kolejowa nr 250,35570
2334698,2018,9,183,Dariusz Przywieczerski,33960
2916980,2018,9,205,Małgorzata Rozenek-Majdan,32457
4003120,2018,9,300,Mateusz Ziółko,26912
132834,2018,9,302,Falandyzacja prawa,26853
3108052,2018,9,316,Joanna Przetakiewicz,26115
2865738,2018,9,345,Lista odcinków serialu Świat według Kiepskich,24582
3849212,2018,9,348,Sprawiedliwi – Wydział Kryminalny,24517
193093,2018,9,432,Milano (zespół muzyczny),22070
4364096,2018,9,454,Zuzanna Falzmann,21410
3690242,2018,9,480,Piękni i Młodzi,20804
3966210,2018,9,540,Gliniarze (serial telewizyjny),19628
5417420,2018,9,545,Kamienie na szaniec,19572
3481676,2018,9,554,Radzimir Dębski,19459
3510309,2018,9,564,Marek Molak,19325
729761,2018,9,575,Maja Frykowska,19117
2528082,2018,9,742,Dorota Szelągowska,16916
1255132,2018,9,821,Maciej Zientarski,15808
2829833,2018,9,855,Adrianna Borek,15551
1641249,2018,9,897,Igor Kwiatkowski,15194
4391671,2018,9,907,Pierwsza miłość,15124
330904,2018,9,938,Jolanta Pieńkowska,14784
30338,2018,9,981,Iloczyn,14496
6001268,2018,9,983,Krzysztof Łapiński,14463
1814487,2018,10,24,Linia kolejowa nr 250,86604
276033,2018,10,68,Bogdan Sawicki (dziennikarz),54529
3551554,2018,10,81,Kortez,50265
4003120,2018,10,118,Mateusz Ziółko,42472
134786,2018,10,173,Dzień Edukacji Narodowej,36479
1524920,2018,10,194,Rinke Rooyens,34355
4278512,2018,10,229,Adriana Kalska,31476
1546981,2018,10,273,Piotr Pawłowski (działacz społeczny),29070
2916980,2018,10,328,Małgorzata Rozenek-Majdan,26807
2865738,2018,10,460,Lista odcinków serialu Świat według Kiepskich,22654
160565,2018,10,466,Krystyna Krzekotowska,22459
3849212,2018,10,502,Sprawiedliwi – Wydział Kryminalny,21693
3971571,2018,10,575,Jan Śpiewak (działacz społeczny),20210
3030747,2018,10,590,Szkoła latania,19897
814678,2018,10,618,Wojciech Medyński,19484
2528082,2018,10,686,Dorota Szelągowska,18594
729761,2018,10,710,Maja Frykowska,18303
3966210,2018,10,715,Gliniarze (serial telewizyjny),18188
21322,2018,10,729,Stopnie naukowe w Polsce,17988
1658238,2018,10,733,Piotr Ferster,17943
4307220,2018,10,736,Akop Szostak,17936
30338,2018,10,780,Iloczyn,17322
495625,2018,10,792,Tomasz Kammel,17195
3108052,2018,10,837,Joanna Przetakiewicz,16819
140290,2018,10,979,Bogdan Rymanowski,15632
3564421,2018,11,7,Marek Chrzanowski (ekonomista),187873
1814487,2018,11,20,Linia kolejowa nr 250,113114
330904,2018,11,45,Jolanta Pieńkowska,77258
15522,2018,11,66,Połączenie zgrzewane,63246
3956986,2018,11,145,Jerzy Zięba,45356
1515709,2018,11,163,Centralna Doświadczalna Stacja Jedwabnicza,43177
4003120,2018,11,208,Mateusz Ziółko,37654
3551554,2018,11,288,Kortez,32268
1524920,2018,11,358,Rinke Rooyens,28773
1309149,2018,11,424,Dixon37,26174
2916980,2018,11,438,Małgorzata Rozenek-Majdan,25655
4278512,2018,11,445,Adriana Kalska,25387
425795,2018,11,494,Gomółka,24377
4201246,2018,11,496,Paweł Piekarczyk,24260
5255503,2018,11,529,Jacek Jastrzębski,23573
3030747,2018,11,530,Szkoła latania,23566
1775302,2018,11,537,Honorata Witańska,23261
1278941,2018,11,541,Elżbieta Chojna-Duch,23171
3849212,2018,11,548,Sprawiedliwi – Wydział Kryminalny,22987
2865738,2018,11,578,Lista odcinków serialu Świat według Kiepskich,22355
3966210,2018,11,630,Gliniarze (serial telewizyjny),21354
3749901,2018,11,690,Komisja śledcza do zbadania prawidłowości i legalności działań organów i instytucji publicznych wobec podmiotów wchodzących w skład Grupy Amber Gold,20310
2528082,2018,11,715,Dorota Szelągowska,19852
1760837,2018,11,730,Chada,19646
97207,2018,11,777,Wykaz ras psów agresywnych,19097
1806657,2018,11,783,Sławomir Matczak,19037
1651640,2018,11,840,Pogrzeb Józefa Piłsudskiego,18512
3108052,2018,11,871,Joanna Przetakiewicz,18099
2013249,2018,11,922,Sławek Uniatowski,17487
228398,2018,11,960,Zbigniew Korpolewski,17178
1814487,2018,12,34,Linia kolejowa nr 250,81900
3700973,2018,12,67,Romuald Dębski,62065
1550465,2018,12,93,Kolędy polskie,51073
629617,2018,12,102,Henryk Jankowski,48975
1524920,2018,12,119,Rinke Rooyens,44919
3108052,2018,12,144,Joanna Przetakiewicz,41181
2013249,2018,12,213,Sławek Uniatowski,35153
3551554,2018,12,236,Kortez,33665
2829833,2018,12,309,Adrianna Borek,29169
565959,2018,12,358,Dominika Gawęda,26756
2120547,2018,12,390,Kabaret Nowaki,25814
2268763,2018,12,443,Dorota Kwiatkowska,24221
4003120,2018,12,467,Mateusz Ziółko,23690
1128918,2018,12,494,Andrzej Jakubiak,23058
90690,2018,12,520,Wojciech Mann,22422
2916980,2018,12,591,Małgorzata Rozenek-Majdan,20914
3849212,2018,12,604,Sprawiedliwi – Wydział Kryminalny,20652
2865738,2018,12,609,Lista odcinków serialu Świat według Kiepskich,20580
1373254,2018,12,627,Paweł Golec,20252
200401,2018,12,630,Sebastian Riedel,20140
172998,2018,12,643,Piotr Bałtroczyk,19941
501712,2018,12,662,Kanibal z Rotenburga,19656
495625,2018,12,684,Tomasz Kammel,19342
69782,2018,12,854,Deklinacja w języku polskim,17333
1533781,2018,12,888,Olivier Janiak,16969
2528082,2018,12,892,Dorota Szelągowska,16926
3759751,2018,12,902,Tomasz Oświeciński,16818
670996,2018,12,947,Neo-Nówka,16423
1278941,2018,12,951,Elżbieta Chojna-Duch,16384
1775302,2018,12,960,Honorata Witańska,16299
183231,2019,1,12,Irena Dziedzic,164317
3847294,2019,1,30,Janusz Kozioł,93144
1814487,2019,1,88,Linia kolejowa nr 250,53326
5300103,2019,1,100,Ludwik Wiśniewski,50529
3110896,2019,1,134,Aleksander Milwiw-Baron,44720
3551554,2019,1,136,Kortez,44632
2916980,2019,1,251,Małgorzata Rozenek-Majdan,33855
3772785,2019,1,258,Srebrna (przedsiębiorstwo),33198
2528082,2019,1,296,Dorota Szelągowska,31165
3700973,2019,1,410,Romuald Dębski,27322
2865738,2019,1,554,Lista odcinków serialu Świat według Kiepskich,23125
2829833,2019,1,687,Adrianna Borek,20890
496180,2019,1,762,Danuta Holecka,19877
21322,2019,1,824,Stopnie naukowe w Polsce,19098
1845137,2019,1,842,Lista skoczków narciarskich ze zwycięstwem w Pucharze Świata,18881
4951136,2019,1,887,Daleko od szosy,18365
2013249,2019,1,904,Sławek Uniatowski,18222
30338,2019,1,934,Iloczyn,17965
495625,2019,1,938,Tomasz Kammel,17884
209246,2019,1,957,Zima stulecia,17765
2120547,2019,1,959,Kabaret Nowaki,17744
3165834,2019,1,977,Bogusław Leśnodorski (ur. 1975),17616
1521010,2019,2,8,Burzan,143058
980229,2019,2,26,Marta Olszewska,81445
1845137,2019,2,77,Lista skoczków narciarskich ze zwycięstwem w Pucharze Świata,48945
4452845,2019,2,81,Zakochani po uszy,48617
1814487,2019,2,86,Linia kolejowa nr 250,46353
3110896,2019,2,117,Aleksander Milwiw-Baron,40186
3077042,2019,2,176,Tadeusz Kraśko,33616
58079,2019,2,188,Lista Macierewicza,32415
4095798,2019,2,196,Włodarz (funkcja),32072
1524920,2019,2,199,Rinke Rooyens,31703
3108052,2019,2,206,Joanna Przetakiewicz,31319
3772785,2019,2,224,Srebrna (przedsiębiorstwo),30287
3551554,2019,2,229,Kortez,30057
3880276,2019,2,291,Kazimierz Kujda,26373
3966210,2019,2,302,Gliniarze (serial telewizyjny),26001
783009,2019,2,309,Andrzej Banasiak,25810
1618786,2019,2,345,Wybory do Parlamentu Europejskiego w Polsce,24849
2865738,2019,2,384,Lista odcinków serialu Świat według Kiepskich,23870
744907,2019,2,480,Tomasz Drzyzga,21780
589829,2019,2,494,Edyta Lewandowska (dziennikarka),21534
495625,2019,2,497,Tomasz Kammel,21458
2835026,2019,2,586,Jacek Dubois,19779
2528082,2019,2,612,Dorota Szelągowska,19247
4313797,2019,2,647,Tamara Gonzalez Perea,18940
4364096,2019,2,675,Zuzanna Falzmann,18525
3177440,2019,2,711,Hell’s Kitchen. Piekielna kuchnia,18037
198353,2019,2,781,Reprezentacja Polski w skokach narciarskich,17081
21322,2019,2,811,Stopnie naukowe w Polsce,16761
496258,2019,2,933,Nina Terentiew,15652
30338,2019,2,939,Iloczyn,15619
496180,2019,2,959,Danuta Holecka,15397
1042212,2019,3,1,Ofiary śmiertelne wypadków w sporcie żużlowym,536900
4313797,2019,3,60,Tamara Gonzalez Perea,71922
3110896,2019,3,75,Aleksander Milwiw-Baron,64802
3180335,2019,3,92,Robert Kupisz,55514
1289330,2019,3,103,Jerzy Kalibabka,53072
3551554,2019,3,147,Kortez,44800
1232047,2019,3,176,Agnieszka Woźniak-Starak,39836
994497,2019,3,233,Sławomir Broniarz,34923
2105510,2019,3,235,Magdalena Korzekwa-Kaliszuk,34690
2421809,2019,3,276,Borys Mańkowski,32229
1760837,2019,3,295,Chada,30628
783009,2019,3,311,Andrzej Banasiak,30014
2865738,2019,3,348,Lista odcinków serialu Świat według Kiepskich,28365
1618786,2019,3,413,Wybory do Parlamentu Europejskiego w Polsce,26140
4397602,2019,3,419,Fryderyki 2019,25912
2784134,2019,3,458,Tomasz Barański,24900
2528082,2019,3,469,Dorota Szelągowska,24715
1814487,2019,3,471,Linia kolejowa nr 250,24673
3314730,2019,3,494,Jan Kliment (tancerz),24126
184419,2019,3,506,Tadeusz Sznuk,23803
1108254,2019,3,525,Piotr Gulczyński,23428
4452845,2019,3,567,Zakochani po uszy,22616
266463,2019,3,611,Sok trawienny,21762
3767255,2019,3,629,Tomasz Działowy,21407
1920452,2019,3,710,Marian Cebulski,20145
198353,2019,3,798,Reprezentacja Polski w skokach narciarskich,19115
3754675,2019,3,807,Stanisław Karpiel-Bułecka,19024
1034284,2019,3,809,Rafał Maserak,18975
729761,2019,3,828,Maja Frykowska,18795
3966210,2019,3,845,Gliniarze (serial telewizyjny),18582
3108052,2019,3,907,Joanna Przetakiewicz,17767
3177440,2019,3,939,Hell’s Kitchen. Piekielna kuchnia,17460
4205214,2019,3,962,Agata Nizińska,17201
994497,2019,4,6,Sławomir Broniarz,138428
3110896,2019,4,63,Aleksander Milwiw-Baron,51106
2528082,2019,4,80,Dorota Szelągowska,44713
2013249,2019,4,138,Sławek Uniatowski,36043
789043,2019,4,149,Wojciech Kudelski,34758
90690,2019,4,167,Wojciech Mann,32489
4313797,2019,4,233,Tamara Gonzalez Perea,28603
3849212,2019,4,264,Sprawiedliwi – Wydział Kryminalny,26492
4492165,2019,4,278,Dance Dance Dance,26034
3180335,2019,4,284,Robert Kupisz,25893
4401986,2019,4,306,Remigiusz Wierzgoń,25031
2865738,2019,4,355,Lista odcinków serialu Świat według Kiepskich,23398
312310,2019,4,376,Agata Młynarska,22791
3177756,2019,4,453,Awans zawodowy nauczycieli,20744
3551554,2019,4,499,Kortez,19967
1095543,2019,4,500,Jolanta Wołłejko,19967
3314730,2019,4,513,Jan Kliment (tancerz),19662
1618786,2019,4,530,Wybory do Parlamentu Europejskiego w Polsce,19381
188665,2019,4,574,Notre Dame,18686
620580,2019,4,641,Otwarty fundusz emerytalny,17771
4452845,2019,4,673,Zakochani po uszy,17348
3108052,2019,4,734,Joanna Przetakiewicz,16551
153157,2019,4,735,Europa da się lubić,16534
193305,2019,4,772,Stanisław Lilpop,16054
2954349,2019,4,810,Adam Maciejewski (chirurg),15741
3177440,2019,4,823,Hell’s Kitchen. Piekielna kuchnia,15574
1232047,2019,4,901,Agnieszka Woźniak-Starak,14829
3956986,2019,4,920,Jerzy Zięba,14598
3754675,2019,4,975,Stanisław Karpiel-Bułecka,14254
3767255,2019,4,981,Tomasz Działowy,14206
185847,2019,5,27,Eugeniusz Makulski,92566
1618786,2019,5,40,Wybory do Parlamentu Europejskiego w Polsce,78735
4537436,2019,5,59,Franciszek Cybula,63713
2375981,2019,5,89,Liberté!,53546
3767255,2019,5,120,Tomasz Działowy,47470
3388572,2019,5,155,Okręgi wyborcze do Parlamentu Europejskiego w Polsce,42434
644028,2019,5,175,Piotr Wawrzyńczak,39491
4313797,2019,5,212,Tamara Gonzalez Perea,36441
4497544,2019,5,231,Lewica Razem,35565
2528082,2019,5,237,Dorota Szelągowska,35006
3110896,2019,5,266,Aleksander Milwiw-Baron,33131
560056,2019,5,369,Tercet Egzotyczny,28551
3314730,2019,5,375,Jan Kliment (tancerz),28473
2013249,2019,5,402,Sławek Uniatowski,27391
3849212,2019,5,446,Sprawiedliwi – Wydział Kryminalny,26302
5382441,2019,5,450,KORWiN,26232
29977,2019,5,474,Zwierzęta objęte ścisłą ochroną gatunkową w Polsce (2014–2017),25534
4307220,2019,5,535,Akop Szostak,23733
4557726,2019,5,577,Innowacja językowa,22758
2865738,2019,5,596,Lista odcinków serialu Świat według Kiepskich,22513
4505245,2019,5,637,Władysław Teofil Bartoszewski,21676
5142645,2019,5,663,Maria Sadowska,21319
2916980,2019,5,679,Małgorzata Rozenek-Majdan,21055
4452845,2019,5,756,Zakochani po uszy,19922
153157,2019,5,783,Europa da się lubić,19657
787710,2019,5,883,Michał Chorosiński,18399
3956986,2019,5,889,Jerzy Zięba,18262
1996252,2019,5,963,Zbigniew Dziewiątkowski,17530
2013249,2019,6,93,Sławek Uniatowski,44055
4082896,2019,6,108,Filip Nivette,40324
3108052,2019,6,121,Joanna Przetakiewicz,38442
37672,2019,6,183,Defekacja,31863
649252,2019,6,223,Felicjan Andrzejczak,28770
1524920,2019,6,266,Rinke Rooyens,26627
3551554,2019,6,275,Kortez,26273
1018146,2019,6,301,Bożena Wahl,24946
2916980,2019,6,377,Małgorzata Rozenek-Majdan,22066
516792,2019,6,380,Joszko Broda,22010
3110896,2019,6,387,Aleksander Milwiw-Baron,21744
562421,2019,6,518,Krzysztof Piasecki,18697
1562436,2019,6,523,Kali (raper),18637
1648500,2019,6,546,Red (raper),18281
2865738,2019,6,583,Lista odcinków serialu Świat według Kiepskich,17673
732500,2019,6,701,Dawka promieniowania,16285
21322,2019,6,764,Stopnie naukowe w Polsce,15524
2528082,2019,6,772,Dorota Szelągowska,15468
783009,2019,6,783,Andrzej Banasiak,15358
184419,2019,6,784,Tadeusz Sznuk,15327
763466,2019,6,786,Janusz Trela,15300
3052928,2019,6,873,KęKę,14617
2268763,2019,6,883,Dorota Kwiatkowska,14547
58356,2019,6,893,Zbigniew Nowek,14459
2354612,2019,6,964,Osadnik Gajówka,13870
1207775,2019,7,14,Kolaudacja,101004
2829833,2019,7,189,Adrianna Borek,29316
200005,2019,7,230,Sławomir Świerzyński,27302
3551554,2019,7,288,Kortez,25055
2120547,2019,7,296,Kabaret Nowaki,24873
1524920,2019,7,334,Rinke Rooyens,23513
3108052,2019,7,353,Joanna Przetakiewicz,22898
132834,2019,7,360,Falandyzacja prawa,22568
2916980,2019,7,378,Małgorzata Rozenek-Majdan,22293
184419,2019,7,379,Tadeusz Sznuk,22241
495625,2019,7,443,Tomasz Kammel,20734
219558,2019,7,475,W11 – Wydział Śledczy,20044
2865738,2019,7,482,Lista odcinków serialu Świat według Kiepskich,19926
193093,2019,7,505,Milano (zespół muzyczny),19429
1562436,2019,7,572,Kali (raper),18348
4313797,2019,7,628,Tamara Gonzalez Perea,17435
3110896,2019,7,668,Aleksander Milwiw-Baron,16897
97207,2019,7,714,Wykaz ras psów agresywnych,16374
4984558,2019,7,751,Dylan i Cole Sprouse,16015
3966210,2019,7,819,Gliniarze (serial telewizyjny),15255
200401,2019,7,820,Sebastian Riedel,15243
3052928,2019,7,846,KęKę,14933
2528082,2019,7,872,Dorota Szelągowska,14660
2034389,2019,7,892,Cykl Inkwizytorski,14499
2013249,2019,7,924,Sławek Uniatowski,14159
3736940,2019,7,943,Projekt Lady,13925
1232047,2019,8,1,Agnieszka Woźniak-Starak,770389
4604953,2019,8,2,Piotr Woźniak-Starak,596877
602261,2019,8,10,Tęczowy Music Box,192185
4607260,2019,8,15,Anna Woźniak-Starak,143845
5142645,2019,8,23,Maria Sadowska,106025
669411,2019,8,33,Krzyż na Giewoncie,77697
1103730,2019,8,35,Liliana Urbańska,73338
200005,2019,8,53,Sławomir Świerzyński,57217
594670,2019,8,130,Andrzej Rosiewicz,38870
1760837,2019,8,210,Chada,31409
1301585,2019,8,219,Mejk,31052
2916980,2019,8,247,Małgorzata Rozenek-Majdan,29271
2288995,2019,8,267,Oczyszczalnia Ścieków „Czajka”,28199
3110896,2019,8,306,Aleksander Milwiw-Baron,26724
3690242,2019,8,307,Piękni i Młodzi,26696
193093,2019,8,318,Milano (zespół muzyczny),26184
3620990,2019,8,324,Łukasz Piebiak,25953
2013249,2019,8,374,Sławek Uniatowski,23813
715444,2019,8,391,Jacek Zieliński (muzyk),23265
2865738,2019,8,398,Lista odcinków serialu Świat według Kiepskich,23099
516792,2019,8,406,Joszko Broda,22874
721375,2019,8,431,Wanda Kwietniewska,22208
2383348,2019,8,445,Okręgi wyborcze do Sejmu Rzeczypospolitej Polskiej,21946
602802,2019,8,448,Tęcza (zespół muzyczny),21786
569458,2019,8,450,Andrzej Buszewicz,21764
3551554,2019,8,466,Kortez,21424
200401,2019,8,533,Sebastian Riedel,20152
3108052,2019,8,555,Joanna Przetakiewicz,19592
1533781,2019,8,621,Olivier Janiak,18240
97207,2019,8,643,Wykaz ras psów agresywnych,17980
2227700,2019,8,657,Mariusz Zielke,17892
5209061,2019,8,663,Anna Wesołowska,17798
649252,2019,8,670,Felicjan Andrzejczak,17735
304455,2019,8,673,Oddział Zamknięty,17700
729761,2019,8,700,Maja Frykowska,17270
504620,2019,8,720,Maria Czubaszek,17082
3966210,2019,8,753,Gliniarze (serial telewizyjny),16688
837461,2019,8,785,Kazimierz Orzechowski (duchowny),16382
696466,2019,8,812,Pasierb,16163
90690,2019,8,895,Wojciech Mann,15205
982563,2019,8,902,Classic,15170
715431,2019,8,933,Grotołaz,14840
495625,2019,8,936,Tomasz Kammel,14804
1269839,2019,8,946,Aleksander Pałac,14720
2354612,2019,8,965,Osadnik Gajówka,14582
1760837,2019,9,35,Chada,73100
1232047,2019,9,51,Agnieszka Woźniak-Starak,62131
4604953,2019,9,63,Piotr Woźniak-Starak,55090
635548,2019,9,101,Krzysztof Kalczyński,45308
4218931,2019,9,114,Ewelina Ruckgaber,42939
5209061,2019,9,120,Anna Wesołowska,42360
3110896,2019,9,152,Aleksander Milwiw-Baron,39449
4591948,2019,9,181,Love Island. Wyspa miłości,36001
670109,2019,9,246,Magdalena Scholl,32224
1302254,2019,9,268,Sprawa zabójstwa Krzysztofa Olewnika,31091
4426221,2019,9,287,Zawsze warto,30260
5142645,2019,9,296,Maria Sadowska,30032
4307220,2019,9,363,Akop Szostak,26590
743809,2019,9,376,Partia obrotowa,26162
2288995,2019,9,407,Oczyszczalnia Ścieków „Czajka”,24987
3551554,2019,9,420,Kortez,24472
516792,2019,9,453,Joszko Broda,23520
4607260,2019,9,493,Anna Woźniak-Starak,22552
3086807,2019,9,519,Joanna Lazer,21888
2865738,2019,9,534,Lista odcinków serialu Świat według Kiepskich,21573
968952,2019,9,545,Alan Andersz,21367
30338,2019,9,589,Iloczyn,20422
121013,2019,9,644,Anna Kalczyńska,19374
882097,2019,9,655,Strzelanina w Magdalence,19201
3966210,2019,9,658,Gliniarze (serial telewizyjny),19139
1103730,2019,9,681,Liliana Urbańska,18745
495625,2019,9,683,Tomasz Kammel,18729
4820121,2019,9,737,Jerzy Dominik,18048
4600808,2019,9,772,Ninja Warrior Polska,17505
3052928,2019,9,803,KęKę,17033
3240264,2019,9,841,Inflacja w Polsce,16678
2916980,2019,9,844,Małgorzata Rozenek-Majdan,16668
4452845,2019,9,872,Zakochani po uszy,16450
2383348,2019,9,909,Okręgi wyborcze do Sejmu Rzeczypospolitej Polskiej,16182
5417420,2019,9,954,Kamienie na szaniec,15706
3108052,2019,9,959,Joanna Przetakiewicz,15631
968952,2019,10,144,Alan Andersz,43949
5382441,2019,10,164,KORWiN,41066
4566742,2019,10,174,Fame MMA,40263
1760837,2019,10,195,Chada,38726
4218931,2019,10,197,Ewelina Ruckgaber,38497
1524920,2019,10,249,Rinke Rooyens,34591
4591948,2019,10,256,Love Island. Wyspa miłości,34336
134786,2019,10,274,Dzień Edukacji Narodowej,33432
722083,2019,10,316,"Felix, Net i Nika oraz Gang Niewidzialnych Ludzi",30794
2528082,2019,10,333,Dorota Szelągowska,30193
3574201,2019,10,370,Sejm Rzeczypospolitej Polskiej VIII kadencji,28634
439289,2019,10,410,Formacja Chatelet,27456
3568826,2019,10,434,Rafał Wójcikowski,26445
3110896,2019,10,437,Aleksander Milwiw-Baron,26347
2383348,2019,10,474,Okręgi wyborcze do Sejmu Rzeczypospolitej Polskiej,25062
4452845,2019,10,486,Zakochani po uszy,24795
3568924,2019,10,502,Bernadeta Krynicka,24223
698567,2019,10,542,Michał Pałubski,23403
4505245,2019,10,565,Władysław Teofil Bartoszewski,22945
30338,2019,10,639,Iloczyn,21267
21322,2019,10,640,Stopnie naukowe w Polsce,21230
4786229,2019,10,701,Pracownicze plany kapitałowe,20055
4426221,2019,10,743,Zawsze warto,19448
847272,2019,10,757,Nupturient,19324
2865738,2019,10,784,Lista odcinków serialu Świat według Kiepskich,19005
4585528,2019,10,819,Mowa ptaków,18674
4307220,2019,10,826,Akop Szostak,18569
3849212,2019,10,908,Sprawiedliwi – Wydział Kryminalny,17708
3240264,2019,10,937,Inflacja w Polsce,17310
3551554,2019,10,946,Kortez,17235
1760837,2019,11,2,Chada,282953
3446002,2019,11,14,Stanisław Zubrzycki,125334
1278941,2019,11,99,Elżbieta Chojna-Duch,51252
1524920,2019,11,224,Rinke Rooyens,34313
5082854,2019,11,231,Żmijowisko,33619
3110896,2019,11,234,Aleksander Milwiw-Baron,33473
4055408,2019,11,245,Jakub Bartczak,32920
2153196,2019,11,320,Krzysztof Hulboj,29131
5205112,2019,11,326,Dariusz Krupa,28949
4566742,2019,11,357,Fame MMA,27448
4218931,2019,11,370,Ewelina Ruckgaber,26866
856148,2019,11,378,Bogdan Łyszkiewicz,26574
4604141,2019,11,384,Tymek,26349
4452845,2019,11,503,Zakochani po uszy,23208
3849212,2019,11,505,Sprawiedliwi – Wydział Kryminalny,23196
2013249,2019,11,521,Sławek Uniatowski,22898
2421809,2019,11,617,Borys Mańkowski,20901
4426221,2019,11,668,Zawsze warto,20042
2528082,2019,11,688,Dorota Szelągowska,19816
21322,2019,11,766,Stopnie naukowe w Polsce,18823
2865738,2019,11,797,Lista odcinków serialu Świat według Kiepskich,18301
4579545,2019,11,842,Jacek Jeschke,17788
4604953,2019,11,887,Piotr Woźniak-Starak,17236
722083,2019,11,949,"Felix, Net i Nika oraz Gang Niewidzialnych Ludzi",16611
455486,2019,12,24,Kundalinijoga,109523
1760837,2019,12,50,Chada,78974
3733133,2019,12,52,Marcin Matczak,76993
2916980,2019,12,93,Małgorzata Rozenek-Majdan,58239
1302254,2019,12,99,Sprawa zabójstwa Krzysztofa Olewnika,56232
1801672,2019,12,122,Hanna Polk,48955
2013249,2019,12,193,Sławek Uniatowski,37613
1550465,2019,12,204,Kolędy polskie,36228
193093,2019,12,226,Milano (zespół muzyczny),34033
1413569,2019,12,235,DJ Decks,32810
1373254,2019,12,273,Paweł Golec,30500
4604141,2019,12,287,Tymek,29761
2528082,2019,12,460,Dorota Szelągowska,23626
4566742,2019,12,480,Fame MMA,23128
1845137,2019,12,558,Lista skoczków narciarskich ze zwycięstwem w Pucharze Świata,21365
3971571,2019,12,584,Jan Śpiewak (działacz społeczny),20761
3673045,2019,12,593,Marta Manowska,20599
565959,2019,12,606,Dominika Gawęda,20380
4153323,2019,12,620,Edyta Golec,20068
783009,2019,12,653,Andrzej Banasiak,19596
495625,2019,12,678,Tomasz Kammel,19187
5082854,2019,12,689,Żmijowisko,19022
2865738,2019,12,711,Lista odcinków serialu Świat według Kiepskich,18802
3690242,2019,12,740,Piękni i Młodzi,18441
5205112,2019,12,802,Dariusz Krupa,17695
209246,2019,12,813,Zima stulecia,17525
3110896,2019,12,843,Aleksander Milwiw-Baron,17100
200005,2019,12,859,Sławomir Świerzyński,16981
3754675,2019,12,939,Stanisław Karpiel-Bułecka,16044
1562436,2019,12,975,Kali (raper),15659
848958,2020,1,21,Krzysztof Leski,114804
4663241,2020,1,49,Jak zostałem gangsterem. Historia prawdziwa,80527
4470614,2020,1,96,Jan Dąbrowski (bloger),58970
3690242,2020,1,150,Piękni i Młodzi,46737
656256,2020,1,179,Agnieszka Jaskółka,42073
1845137,2020,1,233,Lista skoczków narciarskich ze zwycięstwem w Pucharze Świata,35901
3733133,2020,1,240,Marcin Matczak,35535
3110896,2020,1,251,Aleksander Milwiw-Baron,34957
5209061,2020,1,341,Anna Wesołowska,29866
198353,2020,1,434,Reprezentacja Polski w skokach narciarskich,26283
783009,2020,1,457,Andrzej Banasiak,25669
4604141,2020,1,511,Tymek,24132
3956986,2020,1,522,Jerzy Zięba,23789
2916980,2020,1,550,Małgorzata Rozenek-Majdan,23214
3928584,2020,1,558,Grzegorz Jędrejek,23149
3240264,2020,1,641,Inflacja w Polsce,21658
499582,2020,1,662,Va banque (teleturniej),21235
193093,2020,1,665,Milano (zespół muzyczny),21215
21322,2020,1,691,Stopnie naukowe w Polsce,20853
2148595,2020,1,697,Denominacja złotego w 1995 roku,20734
3956457,2020,1,699,Halina Paszkowska-Turska,20710
2865738,2020,1,753,Lista odcinków serialu Świat według Kiepskich,19686
2954349,2020,1,789,Adam Maciejewski (chirurg),19238
1760837,2020,1,790,Chada,19234
3108052,2020,1,889,Joanna Przetakiewicz,18087
2528082,2020,1,944,Dorota Szelągowska,17551
1742340,2020,2,26,Jolanta Turczynowicz-Kieryłło,96134
1601113,2020,2,76,Ewa Greś,55616
3110896,2020,2,98,Aleksander Milwiw-Baron,49373
649252,2020,2,157,Felicjan Andrzejczak,38134
1869536,2020,2,158,Halina Lichocka,38082
4702756,2020,2,207,Kasia Dereń,33532
4470614,2020,2,254,Jan Dąbrowski (bloger),29641
4364096,2020,2,271,Zuzanna Falzmann,28604
788384,2020,2,279,Romuald Czystaw,28361
3956986,2020,2,290,Jerzy Zięba,27873
1541960,2020,2,299,Lista członków zespołu Budka Suflera,27465
4816363,2020,2,313,Wybory prezydenckie w Polsce w 2020 roku,26786
2916980,2020,2,392,Małgorzata Rozenek-Majdan,24152
515379,2020,2,437,Tomasz Zeliszewski,22918
3092251,2020,2,547,"Jolka, Jolka pamiętasz",20609
21322,2020,2,583,Stopnie naukowe w Polsce,20112
1760837,2020,2,599,Chada,19697
133234,2020,2,614,Mieczysław Jurecki,19419
4575300,2020,2,665,Robert Żarczyński,18592
3240264,2020,2,671,Inflacja w Polsce,18506
2865738,2020,2,676,Lista odcinków serialu Świat według Kiepskich,18372
4313797,2020,2,739,Tamara Gonzalez Perea,17412
3108052,2020,2,745,Joanna Przetakiewicz,17384
3967287,2020,2,756,Skurwysyn,17189
146139,2020,2,800,Marek Dutkiewicz,16814
4492165,2020,2,827,Dance Dance Dance,16501
4604141,2020,2,872,Tymek,16099
495625,2020,2,914,Tomasz Kammel,15766
3733133,2020,2,945,Marcin Matczak,15442
4278512,2020,2,948,Adriana Kalska,15394
1760837,2020,3,7,Chada,398293
1089750,2020,3,44,Andrzej Śliwak,109079
90690,2020,3,57,Wojciech Mann,88302
619279,2020,3,77,Ursus C-330,78300
541133,2020,3,98,Stan nadzwyczajny,67071
2711414,2020,3,105,Anna Gacek,65761
126500,2020,3,159,Rafał Olbrychski,51005
1099984,2020,3,166,Dariusz Niebudek,50188
30338,2020,3,204,Iloczyn,44318
3956986,2020,3,209,Jerzy Zięba,43799
3110896,2020,3,214,Aleksander Milwiw-Baron,43384
4816363,2020,3,265,Wybory prezydenckie w Polsce w 2020 roku,38531
1101658,2020,3,283,Herb Gryfic,37508
4492165,2020,3,284,Dance Dance Dance,37429
4055408,2020,3,307,Jakub Bartczak,35712
2528082,2020,3,380,Dorota Szelągowska,32488
4313797,2020,3,381,Tamara Gonzalez Perea,32482
3180335,2020,3,427,Robert Kupisz,30390
4566742,2020,3,501,Fame MMA,27447
411082,2020,3,508,Kostek Joriadis,27156
5417420,2020,3,595,Kamienie na szaniec,24691
3948843,2020,3,603,Maska antysmogowa,24524
2865738,2020,3,606,Lista odcinków serialu Świat według Kiepskich,24373
675372,2020,3,616,Przemysław Cypryański,24194
3934131,2020,3,650,Marek Lehnert,23528
122365,2020,3,739,Horacjanizm,21781
1578104,2020,3,759,Niebieska Karta (procedura),21559
4744302,2020,3,760,Wojciech Rokita,21544
968952,2020,3,795,Alan Andersz,21143
4711643,2020,3,798,The Four. Bitwa o sławę,21126
3849212,2020,3,800,Sprawiedliwi – Wydział Kryminalny,21108
2916980,2020,3,884,Małgorzata Rozenek-Majdan,20156
4426221,2020,3,966,Zawsze warto,19003
3759751,2020,3,973,Tomasz Oświeciński,18925
1760837,2020,4,38,Chada,108409
755919,2020,4,43,Wiktor Bater,100072
4775724,2020,4,118,Ewa Żarska,64568
541133,2020,4,119,Stan nadzwyczajny,63934
4816363,2020,4,172,Wybory prezydenckie w Polsce w 2020 roku,54850
3689328,2020,4,221,Kamil Zaradkiewicz,47235
3956986,2020,4,301,Jerzy Zięba,39662
3108052,2020,4,309,Joanna Przetakiewicz,39089
30338,2020,4,342,Iloczyn,37486
4750829,2020,4,369,Hotel Paradise,36296
2528082,2020,4,421,Dorota Szelągowska,33987
1778639,2020,4,444,Andrzej Adamiak,32882
4771599,2020,4,448,Piotr Patkowski,32685
1039763,2020,4,554,Edward Miszczak,29042
3110896,2020,4,621,Aleksander Milwiw-Baron,27046
29977,2020,4,680,Zwierzęta objęte ścisłą ochroną gatunkową w Polsce (2014–2017),25942
4772117,2020,4,700,Anna Chałupa,25504
620209,2020,4,702,Andrzej Mrozek,25453
69782,2020,4,849,Deklinacja w języku polskim,23120
2865738,2020,4,864,Lista odcinków serialu Świat według Kiepskich,22944
1524920,2020,4,881,Rinke Rooyens,22677
4663241,2020,4,890,Jak zostałem gangsterem. Historia prawdziwa,22552
5019309,2020,4,891,Koronka do Miłosierdzia Bożego,22549
3852368,2020,4,893,Adam Mazguła,22533
4313797,2020,4,914,Tamara Gonzalez Perea,22358
599890,2020,4,992,Rezerwat (zespół muzyczny),21366
4816363,2020,5,20,Wybory prezydenckie w Polsce w 2020 roku,127202
3733133,2020,5,55,Marcin Matczak,82903
3689328,2020,5,64,Kamil Zaradkiewicz,77605
3354540,2020,5,67,Hot16Challenge,77031
3530492,2020,5,135,Aleksander Stępkowski,56119
3012301,2020,5,140,Włodzimierz Wróbel,54996
1760837,2020,5,161,Chada,52810
29977,2020,5,191,Zwierzęta objęte ścisłą ochroną gatunkową w Polsce (2014–2017),49749
2594701,2020,5,202,Andrzej Bizoń,48456
203736,2020,5,259,Jakub Strzyczkowski,42815
90690,2020,5,263,Wojciech Mann,42551
430220,2020,5,356,Pierwszy Prezes Sądu Najwyższego,36206
90396,2020,5,410,Piotr Kaczkowski,33482
1658238,2020,5,495,Piotr Ferster,30398
2916980,2020,5,549,Małgorzata Rozenek-Majdan,28771
20545,2020,5,561,Polska czerwona księga zwierząt,28414
2528082,2020,5,576,Dorota Szelągowska,28016
786716,2020,5,655,Polska czerwona księga roślin,26280
1580342,2020,5,710,Marian Lichtman,25307
4177187,2020,5,741,Jessica Mercedes Kirschner,24753
331063,2020,5,747,Marcin Kydryński,24559
5382441,2020,5,797,KORWiN,23710
626730,2020,5,801,Historia Polski (do 1138),23650
181944,2020,5,820,Kształtowanie się granic II Rzeczypospolitej,23420
2354612,2020,5,835,Osadnik Gajówka,23191
4293273,2020,5,839,Klocuch,23180
69782,2020,5,840,Deklinacja w języku polskim,23163
3966210,2020,5,849,Gliniarze (serial telewizyjny),23022
343412,2020,5,886,Vox (zespół muzyczny),22597
3817151,2020,5,888,Ślub od pierwszego wejrzenia,22584
2865738,2020,5,913,Lista odcinków serialu Świat według Kiepskich,22319
1524920,2020,5,945,Rinke Rooyens,22053
4663241,2020,6,30,Jak zostałem gangsterem. Historia prawdziwa,90461
4710108,2020,6,51,Wybory prezydenckie w Polsce w 2020 roku (pierwsze),66162
4816363,2020,6,59,Wybory prezydenckie w Polsce w 2020 roku,59344
2916980,2020,6,72,Małgorzata Rozenek-Majdan,54145
805572,2020,6,94,Jarosław Sokołowski (gangster),46746
4465928,2020,6,105,Jakub Wons,44141
2072456,2020,6,123,W głębi lasu,41838
4716193,2020,6,124,Nicole Sochacki-Wójcicka,41545
2354612,2020,6,127,Osadnik Gajówka,40798
1760837,2020,6,134,Chada,39947
1658238,2020,6,257,Piotr Ferster,29416
186776,2020,6,346,Egzamin maturalny,24935
2105510,2020,6,351,Magdalena Korzekwa-Kaliszuk,24749
4153150,2020,6,379,Antifa w Polsce,23755
3108052,2020,6,400,Joanna Przetakiewicz,23140
5382441,2020,6,408,KORWiN,22943
3971571,2020,6,415,Jan Śpiewak (działacz społeczny),22786
1524920,2020,6,430,Rinke Rooyens,22369
3354540,2020,6,436,Hot16Challenge,22264
2865738,2020,6,540,Lista odcinków serialu Świat według Kiepskich,20462
4802709,2020,6,548,Ryszard Adamus,20317
197166,2020,6,581,Jolka (krzyżówka),19789
1666334,2020,6,628,Bronisław Trzaskowski,19213
21322,2020,6,671,Stopnie naukowe w Polsce,18495
4791773,2020,6,675,Przemysław Kossakowski,18416
559087,2020,6,686,Boże Ciało,18266
496180,2020,6,726,Danuta Holecka,17623
97207,2020,6,774,Wykaz ras psów agresywnych,17131
2712418,2020,6,814,Firmanctwo,16625
69782,2020,6,859,Deklinacja w języku polskim,16144
2709303,2020,6,865,Szkolna skala ocen w Polsce,16118
29977,2020,6,911,Zwierzęta objęte ścisłą ochroną gatunkową w Polsce (2014–2017),15698
4516950,2020,6,941,Egzamin ósmoklasisty,15412
743809,2020,6,973,Partia obrotowa,15198
4865484,2020,7,6,Sławomir Nowak,176686
1414026,2020,7,25,Dariusz Zawadka,87968
1118760,2020,7,86,Paulina Andrzejewska,44503
4710108,2020,7,93,Wybory prezydenckie w Polsce w 2020 roku (pierwsze),44248
551648,2020,7,136,Paweł Wroński,36137
1025599,2020,7,175,Ewa Milde-Prus,32074
1995653,2020,7,181,Piotr Natanek,31796
1760837,2020,7,183,Chada,31665
547425,2020,7,193,Adam Pieczyński,30680
1658238,2020,7,197,Piotr Ferster,30493
3754675,2020,7,211,Stanisław Karpiel-Bułecka,29567
193093,2020,7,270,Milano (zespół muzyczny),25976
4771599,2020,7,352,Piotr Patkowski,23196
471355,2020,7,357,Jacek Czyż,23118
2421809,2020,7,393,Borys Mańkowski,21938
214755,2020,7,411,Michał Giercuszkiewicz,21441
5382441,2020,7,425,KORWiN,20950
805572,2020,7,433,Jarosław Sokołowski (gangster),20603
496180,2020,7,449,Danuta Holecka,20276
97207,2020,7,472,Wykaz ras psów agresywnych,19699
330904,2020,7,490,Jolanta Pieńkowska,19352
197166,2020,7,550,Jolka (krzyżówka),18434
4663241,2020,7,570,Jak zostałem gangsterem. Historia prawdziwa,18078
4816363,2020,7,601,Wybory prezydenckie w Polsce w 2020 roku,17515
2865738,2020,7,630,Lista odcinków serialu Świat według Kiepskich,17164
2354612,2020,7,655,Osadnik Gajówka,16893
165643,2020,7,670,Michał Wójcik (komik),16707
3012028,2020,7,722,Sergiusz Fabian Sawicki,16000
3240264,2020,7,724,Inflacja w Polsce,15963
21322,2020,7,750,Stopnie naukowe w Polsce,15750
4566742,2020,7,752,Fame MMA,15743
2528082,2020,7,776,Dorota Szelągowska,15574
2916980,2020,7,783,Małgorzata Rozenek-Majdan,15473
3671294,2020,7,787,Marcin Wrzosek,15448
1021233,2020,7,836,Łukasz Rybarski,14878
1666334,2020,7,874,Bronisław Trzaskowski,14609
4717725,2020,7,962,Zenek,13890
4771599,2020,8,58,Piotr Patkowski,52941
4334209,2020,8,86,Wanda Buk,42488
2288995,2020,8,115,Oczyszczalnia Ścieków „Czajka”,38750
1760837,2020,8,167,Chada,32500
4566742,2020,8,177,Fame MMA,31622
132836,2020,8,233,Przełomowe bitwy w historii świata,28072
4817298,2020,8,235,Małgorzata Halber,27894
3690242,2020,8,281,Piękni i Młodzi,25672
97207,2020,8,331,Wykaz ras psów agresywnych,23290
193093,2020,8,357,Milano (zespół muzyczny),22500
4313797,2020,8,381,Tamara Gonzalez Perea,22183
2528082,2020,8,387,Dorota Szelągowska,22133
4604953,2020,8,427,Piotr Woźniak-Starak,20988
4215440,2020,8,436,Marian Ziółkowski,20760
2354612,2020,8,452,Osadnik Gajówka,20391
4791773,2020,8,499,Przemysław Kossakowski,19250
1232047,2020,8,517,Agnieszka Woźniak-Starak,18769
3966210,2020,8,518,Gliniarze (serial telewizyjny),18746
200005,2020,8,561,Sławomir Świerzyński,18113
156933,2020,8,570,Maja Popielarska,17995
2783294,2020,8,595,Dyskografia Ewy Demarczyk,17763
4102,2020,8,702,Lista najwyższych szczytów górskich w Polsce,16331
982563,2020,8,708,Classic,16261
1289330,2020,8,713,Jerzy Kalibabka,16224
3110896,2020,8,724,Aleksander Milwiw-Baron,16068
197166,2020,8,725,Jolka (krzyżówka),16065
3849212,2020,8,726,Sprawiedliwi – Wydział Kryminalny,16058
2865738,2020,8,752,Lista odcinków serialu Świat według Kiepskich,15890
330904,2020,8,777,Jolanta Pieńkowska,15592
4639817,2020,8,890,Elwira Mejk,14457
805572,2020,8,973,Jarosław Sokołowski (gangster),13764
21322,2020,8,979,Stopnie naukowe w Polsce,13714
1289330,2020,9,1,Jerzy Kalibabka,389330
4566742,2020,9,30,Fame MMA,61285
4591948,2020,9,41,Love Island. Wyspa miłości,52063
2288995,2020,9,57,Oczyszczalnia Ścieków „Czajka”,47604
1575838,2020,9,79,Klątwa (dramat),42467
4750829,2020,9,237,Hotel Paradise,27552
69782,2020,9,245,Deklinacja w języku polskim,27323
4771599,2020,9,246,Piotr Patkowski,27311
1760837,2020,9,265,Chada,26662
4890397,2020,9,272,Karol Dziuba,26238
1608755,2020,9,295,Kamila Boruta,25373
3966210,2020,9,340,Gliniarze (serial telewizyjny),24224
330904,2020,9,493,Jolanta Pieńkowska,20327
715444,2020,9,510,Jacek Zieliński (muzyk),20041
4600808,2020,9,521,Ninja Warrior Polska,19941
164329,2020,9,537,Molesta Ewenement,19613
3110896,2020,9,538,Aleksander Milwiw-Baron,19610
796721,2020,9,569,Tulipan (serial telewizyjny),19030
1039763,2020,9,634,Edward Miszczak,17944
4881893,2020,9,660,Zuzanna Rudzińska-Bluszcz,17716
21322,2020,9,684,Stopnie naukowe w Polsce,17326
4604141,2020,9,702,Tymek,17061
4102,2020,9,743,Lista najwyższych szczytów górskich w Polsce,16564
761834,2020,9,763,Monika Borys,16390
2013249,2020,9,780,Sławek Uniatowski,16201
730857,2020,9,795,Aleksandra Kwaśniewska,16051
4865484,2020,9,837,Sławomir Nowak,15699
97207,2020,9,849,Wykaz ras psów agresywnych,15556
183231,2020,9,876,Irena Dziedzic,15369
495625,2020,9,890,Tomasz Kammel,15236
3849212,2020,9,899,Sprawiedliwi – Wydział Kryminalny,15130
102473,2020,9,922,Chociemir,14848
2091622,2020,9,941,Marcin Tyszka,14691
2865738,2020,9,965,Lista odcinków serialu Świat według Kiepskich,14445
593174,2020,10,19,Agnieszka Fatyga,122378
1289330,2020,10,59,Jerzy Kalibabka,68695
828336,2020,10,60,Dorota Kawęcka,68179
3110896,2020,10,86,Aleksander Milwiw-Baron,55276
4791773,2020,10,101,Przemysław Kossakowski,52231
793340,2020,10,106,Arnold Boczek,50826
5132059,2020,10,121,Protesty przeciwko zaostrzeniu przepisów dotyczących aborcji w Polsce,48583
134786,2020,10,128,Dzień Edukacji Narodowej,46056
4153150,2020,10,130,Antifa w Polsce,45800
2528082,2020,10,168,Dorota Szelągowska,41537
156499,2020,10,191,Małgorzata Domagalik,38846
3108052,2020,10,192,Joanna Przetakiewicz,38794
1524920,2020,10,216,Rinke Rooyens,36536
541133,2020,10,245,Stan nadzwyczajny,34552
4591948,2020,10,250,Love Island. Wyspa miłości,33890
4750829,2020,10,263,Hotel Paradise,33039
4082870,2020,10,284,Michał Kempa,32171
4566742,2020,10,287,Fame MMA,31956
1760837,2020,10,297,Chada,31485
1062057,2020,10,299,Grupy Szturmowe,31265
97207,2020,10,374,Wykaz ras psów agresywnych,27677
21322,2020,10,474,Stopnie naukowe w Polsce,24327
2245812,2020,10,480,Antoni Pszoniak,24175
1608755,2020,10,491,Kamila Boruta,23842
204993,2020,10,492,Stan wojenny w Polsce,23838
2865738,2020,10,548,Lista odcinków serialu Świat według Kiepskich,22727
5417420,2020,10,603,Kamienie na szaniec,21691
69782,2020,10,657,Deklinacja w języku polskim,20659
164329,2020,10,677,Molesta Ewenement,20373
4890397,2020,10,693,Karol Dziuba,20218
800118,2020,10,701,Marian Paździoch,20052
833452,2020,10,724,Paweł Rozwadowski,19708
4600808,2020,10,804,Ninja Warrior Polska,18520
1330812,2020,10,809,Grzmot (symbol),18469
4856320,2020,10,814,Królestwo kobiet,18437
90690,2020,10,834,Wojciech Mann,18204
722083,2020,10,848,"Felix, Net i Nika oraz Gang Niewidzialnych Ludzi",18068
330904,2020,10,886,Jolanta Pieńkowska,17715
3849212,2020,10,905,Sprawiedliwi – Wydział Kryminalny,17473
1379920,2020,10,917,Jerzy Błaszczyk,17334
4452845,2020,10,982,Zakochani po uszy,16744
4566742,2020,11,33,Fame MMA,136850
4771599,2020,11,113,Piotr Patkowski,62036
5132059,2020,11,149,Protesty przeciwko zaostrzeniu przepisów dotyczących aborcji w Polsce,52590
593174,2020,11,200,Agnieszka Fatyga,44568
4750829,2020,11,263,Hotel Paradise,40378
4933871,2020,11,270,Gambit królowej,40105
3110896,2020,11,279,Aleksander Milwiw-Baron,39770
200005,2020,11,284,Sławomir Świerzyński,39593
4153150,2020,11,310,Antifa w Polsce,37901
2528082,2020,11,331,Dorota Szelągowska,36862
1760837,2020,11,401,Chada,33825
1289330,2020,11,424,Jerzy Kalibabka,32866
5417420,2020,11,435,Kamienie na szaniec,32537
482592,2020,11,459,Wielka improwizacja,31566
4890977,2020,11,524,Filip Gurłacz,29527
2687324,2020,11,589,Dziady część II,28154
69782,2020,11,765,Deklinacja w języku polskim,23899
678774,2020,11,824,Czasowniki modalne w języku niemieckim,23066
97207,2020,11,867,Wykaz ras psów agresywnych,22629
495625,2020,11,897,Tomasz Kammel,22202
4064720,2020,11,904,Gustaw (Dziady),22087
4909825,2020,11,915,Ludzie i bogowie,21959
3311795,2020,11,926,Błażej Król,21891
2865738,2020,11,930,Lista odcinków serialu Świat według Kiepskich,21855
2557864,2020,11,944,Trawienie u człowieka,21712
755919,2020,11,970,Wiktor Bater,21258
1550465,2020,12,41,Kolędy polskie,88869
874906,2020,12,130,Ariadna Gierek-Łapińska,48990
4566742,2020,12,174,Fame MMA,43653
193093,2020,12,186,Milano (zespół muzyczny),42604
1373254,2020,12,189,Paweł Golec,41996
817894,2020,12,241,Krzysztof Machalica,37809
593174,2020,12,262,Agnieszka Fatyga,36573
2528082,2020,12,335,Dorota Szelągowska,31900
1760837,2020,12,375,Chada,29879
3754675,2020,12,452,Stanisław Karpiel-Bułecka,27402
204993,2020,12,467,Stan wojenny w Polsce,26875
3108052,2020,12,498,Joanna Przetakiewicz,26065
3464261,2020,12,513,Stanisława Gierek-Ciaciura,25619
1652151,2020,12,560,Wiktor Osiecki,24542
39149,2020,12,574,Mensa (mebel),24339
198353,2020,12,596,Reprezentacja Polski w skokach narciarskich,23591
1458801,2020,12,624,Witold Dąbrowski (poeta),23050
1015127,2020,12,629,Reasumpcja,22877
1524920,2020,12,655,Rinke Rooyens,22424
3110896,2020,12,674,Aleksander Milwiw-Baron,22140
4062841,2020,12,691,Kacper Lisowski,21888
147856,2020,12,723,Maciej Zięba (dominikanin),21271
731270,2020,12,727,Augustyn Pelanowski,21135
532055,2020,12,794,Jerzy Nasierowski,20164
4153323,2020,12,799,Edyta Golec,20118
5132059,2020,12,822,Protesty przeciwko zaostrzeniu przepisów dotyczących aborcji w Polsce,19849
4452845,2020,12,825,Zakochani po uszy,19793
2604870,2020,12,891,Rolnictwo w Afryce,19034
678774,2020,12,927,Czasowniki modalne w języku niemieckim,18598
482592,2020,12,935,Wielka improwizacja,18510
3690242,2020,12,939,Piękni i Młodzi,18426
2865738,2020,12,945,Lista odcinków serialu Świat według Kiepskich,18355
28852,2020,12,968,Budowa serca człowieka,18102
4427481,2021,1,21,Złomowisko PL,163188
1845137,2021,1,45,Lista skoczków narciarskich ze zwycięstwem w Pucharze Świata,94662
1823399,2021,1,78,Marta Przybora,70856
661188,2021,1,100,Roman Frankl,60486
198353,2021,1,131,Reprezentacja Polski w skokach narciarskich,51870
1485548,2021,1,156,Kamila Sammler,49090
4079721,2021,1,168,Monique Lehman,47866
1652151,2021,1,205,Wiktor Osiecki,44054
4566742,2021,1,210,Fame MMA,43521
1039763,2021,1,226,Edward Miszczak,41214
729761,2021,1,251,Maja Frykowska,38884
800118,2021,1,254,Marian Paździoch,38623
1760837,2021,1,291,Chada,36104
2080955,2021,1,335,Ewa Maria Morelle,33536
475997,2021,1,364,Jacek Zejdler,32200
343412,2021,1,368,Vox (zespół muzyczny),32117
209246,2021,1,398,Zima stulecia,30761
3308854,2021,1,481,Artur Bartłomiej Chmielewski,27725
3673045,2021,1,505,Marta Manowska,27145
3956986,2021,1,522,Jerzy Zięba,26701
4566160,2021,1,549,Zbigniew Gaciong,26060
2865738,2021,1,560,Lista odcinków serialu Świat według Kiepskich,25885
131186,2021,1,586,Mariusz Czajka,25342
3647339,2021,1,647,Radosław Kotarski,24187
4791773,2021,1,682,Przemysław Kossakowski,23467
919038,2021,1,722,Wojciech Wieteska,22663
2916980,2021,1,723,Małgorzata Rozenek-Majdan,22590
193093,2021,1,729,Milano (zespół muzyczny),22558
147856,2021,1,771,Maciej Zięba (dominikanin),21878
3971571,2021,1,794,Jan Śpiewak (działacz społeczny),21538
4717725,2021,1,812,Zenek,21195
2528082,2021,1,824,Dorota Szelągowska,21021
90690,2021,1,918,Wojciech Mann,19936
4452845,2021,1,921,Zakochani po uszy,19899
4566742,2021,2,20,Fame MMA,98414
1575838,2021,2,169,Klątwa (dramat),40227
164329,2021,2,198,Molesta Ewenement,37143
1987131,2021,2,276,Piotr Suchora,32318
438686,2021,2,372,Polscy medaliści zimowych igrzysk olimpijskich,28068
1760837,2021,2,379,Chada,27776
2865738,2021,2,478,Lista odcinków serialu Świat według Kiepskich,25004
678774,2021,2,493,Czasowniki modalne w języku niemieckim,24722
3647339,2021,2,516,Radosław Kotarski,24242
2604870,2021,2,562,Rolnictwo w Afryce,23472
3154145,2021,2,573,Elżbieta Kowalewska,23226
2528082,2021,2,625,Dorota Szelągowska,22435
2916980,2021,2,692,Małgorzata Rozenek-Majdan,21209
5417420,2021,2,702,Kamienie na szaniec,21026
482592,2021,2,703,Wielka improwizacja,21010
209246,2021,2,717,Zima stulecia,20766
198353,2021,2,790,Reprezentacja Polski w skokach narciarskich,19813
4791773,2021,2,816,Przemysław Kossakowski,19337
3733133,2021,2,848,Marcin Matczak,18950
495625,2021,2,858,Tomasz Kammel,18864
69782,2021,2,879,Deklinacja w języku polskim,18641
4750829,2021,2,886,Hotel Paradise,18551
21322,2021,2,921,Stopnie naukowe w Polsce,18288
454960,2021,2,975,Jacek Janczarski,17819
4492165,2021,2,990,Dance Dance Dance,17670
4566742,2021,3,5,Fame MMA,248216
1492061,2021,3,48,Ewa Mirowska,75421
4591948,2021,3,99,Love Island. Wyspa miłości,55216
5045623,2021,3,108,Beata Fudalej,53943
4492165,2021,3,138,Dance Dance Dance,49608
1760837,2021,3,238,Chada,39658
3647339,2021,3,247,Radosław Kotarski,38666
678774,2021,3,314,Czasowniki modalne w języku niemieckim,34409
4750829,2021,3,315,Hotel Paradise,34394
3110896,2021,3,368,Aleksander Milwiw-Baron,31898
3733133,2021,3,403,Marcin Matczak,30504
242362,2021,3,485,Piotr Semka,27977
4972433,2021,3,496,Lista odcinków programu Twoja twarz brzmi znajomo,27726
1546704,2021,3,509,Rafał Fudalej,27345
4771599,2021,3,649,Piotr Patkowski,24110
5034617,2021,3,679,Zofia Paryła,23475
4932780,2021,3,690,Agata Wątróbska,23275
1059427,2021,3,702,Natalia Niemen,23147
2156455,2021,3,770,Małgorzata Niemen,22092
4791773,2021,3,800,Przemysław Kossakowski,21629
2865738,2021,3,804,Lista odcinków serialu Świat według Kiepskich,21592
5417420,2021,3,820,Kamienie na szaniec,21349
1198929,2021,3,895,Piotr Majewski (ur. 1962),20157
3354318,2021,3,907,Sylwester Wardęga,20040
4600808,2021,3,927,Ninja Warrior Polska,19839
482592,2021,3,969,Wielka improwizacja,19354
5051743,2021,4,14,Ekipa Friza,172308
3733133,2021,4,53,Marcin Matczak,75743
4566742,2021,4,55,Fame MMA,73501
1491733,2021,4,57,Dyskografia Krzysztofa Krawczyka,72547
1395019,2021,4,71,Mikołaj Müller,67694
1580342,2021,4,77,Marian Lichtman,65289
1865588,2021,4,150,Andrzej Kosmala,47548
4932780,2021,4,231,Agata Wątróbska,38870
4750829,2021,4,235,Hotel Paradise,38690
4591948,2021,4,256,Love Island. Wyspa miłości,36882
1714684,2021,4,265,Strój kociewski,36411
4492165,2021,4,309,Dance Dance Dance,33664
4865484,2021,4,337,Sławomir Nowak,31980
1587841,2021,4,355,Sławomir Kowalewski (ur. 1946),30988
184419,2021,4,380,Tadeusz Sznuk,29966
2528082,2021,4,386,Dorota Szelągowska,29613
97207,2021,4,438,Wykaz ras psów agresywnych,27977
678774,2021,4,439,Czasowniki modalne w języku niemieckim,27941
4972433,2021,4,447,Lista odcinków programu Twoja twarz brzmi znajomo,27531
96935,2021,4,518,Roman Kluska,25533
29977,2021,4,558,Zwierzęta objęte ścisłą ochroną gatunkową w Polsce (2014–2017),24681
2372498,2021,4,565,Łukasz Jurkowski,24602
4600808,2021,4,578,Ninja Warrior Polska,24288
1760837,2021,4,644,Chada,23052
1995653,2021,4,702,Piotr Natanek,22124
3108052,2021,4,710,Joanna Przetakiewicz,22013
4877130,2021,4,742,Sonia Mietielica,21636
4791773,2021,4,809,Przemysław Kossakowski,20489
5290449,2021,4,825,Anna Matysiak,20254
495625,2021,4,839,Tomasz Kammel,20082
20545,2021,4,869,Polska czerwona księga zwierząt,19834
3110896,2021,4,929,Aleksander Milwiw-Baron,19188
2865738,2021,4,930,Lista odcinków serialu Świat według Kiepskich,19159
786716,2021,4,961,Polska czerwona księga roślin,18755
3754675,2021,4,967,Stanisław Karpiel-Bułecka,18694
4566742,2021,5,9,Fame MMA,173619
5051743,2021,5,16,Ekipa Friza,123076
3875614,2021,5,169,Marcin Wiącek,37314
4750829,2021,5,179,Hotel Paradise,36467
1379920,2021,5,203,Jerzy Błaszczyk,34246
4932780,2021,5,238,Agata Wątróbska,31939
2795125,2021,5,328,Marcin Kindla,27243
4492165,2021,5,336,Dance Dance Dance,27032
3162572,2021,5,348,Święto Najświętszej Maryi Panny Królowej Polski,26686
649878,2021,5,366,Sławomir Borewicz,26083
2558738,2021,5,370,Mateusz Gąsiewski,26019
3754675,2021,5,426,Stanisław Karpiel-Bułecka,24529
1760837,2021,5,470,Chada,23054
2528082,2021,5,479,Dorota Szelągowska,22683
4972433,2021,5,481,Lista odcinków programu Twoja twarz brzmi znajomo,22667
558065,2021,5,484,Góry Towarne,22647
4510113,2021,5,488,To był rok!,22567
1039763,2021,5,489,Edward Miszczak,22557
1803816,2021,5,511,Tomasz Torres,22273
3849212,2021,5,664,Sprawiedliwi – Wydział Kryminalny,19849
678774,2021,5,685,Czasowniki modalne w języku niemieckim,19459
2372498,2021,5,795,Łukasz Jurkowski,18142
5290449,2021,5,805,Anna Matysiak,18041
1648015,2021,5,867,Radoskór,17427
2865738,2021,5,868,Lista odcinków serialu Świat według Kiepskich,17421
97207,2021,5,931,Wykaz ras psów agresywnych,16789
795115,2021,5,956,Józef Papkin,16511
5083295,2021,5,961,Leszek Miszczyk,16451
5051743,2021,6,41,Ekipa Friza,65673
2372498,2021,6,92,Łukasz Jurkowski,44602
5046043,2021,6,155,Sylwia Dekiert,36310
504620,2021,6,302,Maria Czubaszek,26639
4566742,2021,6,318,Fame MMA,25960
3127740,2021,6,398,Historia reprezentacji Polski w piłce nożnej mężczyzn,22644
4750829,2021,6,445,Hotel Paradise,21247
789125,2021,6,448,Zbigniew Hałat,21161
5097915,2021,6,597,Tadeusz Łapiński (lekarz),18221
2709303,2021,6,661,Szkolna skala ocen w Polsce,17060
4265454,2021,6,664,Emil Stępień,17018
4771599,2021,6,702,Piotr Patkowski,16506
2865738,2021,6,821,Lista odcinków serialu Świat według Kiepskich,15017
2916980,2021,6,822,Małgorzata Rozenek-Majdan,15009
97207,2021,6,877,Wykaz ras psów agresywnych,14456
1075672,2021,6,941,Trąby powietrzne w Polsce,13878
5051743,2021,7,24,Ekipa Friza,77861
3875614,2021,7,31,Marcin Wiącek,69497
4791773,2021,7,82,Przemysław Kossakowski,45498
1062155,2021,7,110,Robert Kochanek,41333
4307220,2021,7,169,Akop Szostak,34749
513054,2021,7,208,Leszek Benke,31506
4566742,2021,7,264,Fame MMA,27762
1414026,2021,7,366,Dariusz Zawadka,23236
606739,2021,7,380,Jan Janga-Tomaszewski,22792
783009,2021,7,384,Andrzej Banasiak,22623
3733133,2021,7,420,Marcin Matczak,21618
2528082,2021,7,432,Dorota Szelągowska,21412
193093,2021,7,452,Milano (zespół muzyczny),20891
1210907,2021,7,471,Motyle dzienne Polski,20395
1459517,2021,7,503,Paweł Słomiński,19689
4838342,2021,7,523,Historyczne tablice rejestracyjne w Polsce,19258
2865738,2021,7,552,Lista odcinków serialu Świat według Kiepskich,18857
4771599,2021,7,625,Piotr Patkowski,17809
789125,2021,7,683,Zbigniew Hałat,16766
1645386,2021,7,696,Spotkanie z Balladą,16633
1379920,2021,7,701,Jerzy Błaszczyk,16579
1264615,2021,7,726,Jacek Łęski,16295
97207,2021,7,756,Wykaz ras psów agresywnych,15989
141571,2021,7,777,Fundusz Obsługi Zadłużenia Zagranicznego,15829
1760837,2021,7,845,Chada,15104
93310,2021,7,900,Numery kierunkowe w Polsce,14524
2916980,2021,7,968,Małgorzata Rozenek-Majdan,13951
1407765,2021,7,969,Polscy medaliści letnich igrzysk olimpijskich,13945
1039763,2021,8,30,Edward Miszczak,81851
4566742,2021,8,31,Fame MMA,81087
5051743,2021,8,44,Ekipa Friza,68708
1015127,2021,8,122,Reasumpcja,43661
304455,2021,8,127,Oddział Zamknięty,43117
1407765,2021,8,169,Polscy medaliści letnich igrzysk olimpijskich,37566
4937941,2021,8,186,Anna Kornecka (prawnik),36297
4617368,2021,8,197,Gabi Drzewiecka,34851
1264615,2021,8,236,Jacek Łęski,31791
4575300,2021,8,286,Robert Żarczyński,28775
1062155,2021,8,299,Robert Kochanek,27924
649252,2021,8,338,Felicjan Andrzejczak,26273
2421809,2021,8,389,Borys Mańkowski,24596
1541960,2021,8,397,Lista członków zespołu Budka Suflera,24144
3551554,2021,8,403,Kortez,23875
1688178,2021,8,414,Agnieszka Mrozińska,23176
93310,2021,8,416,Numery kierunkowe w Polsce,23089
179389,2021,8,432,Maciej Balcar,22576
2304885,2021,8,529,Emerytura olimpijska,20250
3733133,2021,8,558,Marcin Matczak,19835
1232047,2021,8,564,Agnieszka Woźniak-Starak,19703
775690,2021,8,585,Marta Cugier,19288
1760837,2021,8,596,Chada,19102
565959,2021,8,661,Dominika Gawęda,18327
2865738,2021,8,681,Lista odcinków serialu Świat według Kiepskich,18061
2528082,2021,8,808,Dorota Szelągowska,16583
5004864,2021,8,934,Łukasz Mejza,15145
881145,2021,8,940,Diana Rudnik,15077
3966210,2021,8,947,Gliniarze (serial telewizyjny),15031
1047205,2021,8,949,Karolina Korwin Piotrowska,15015
4604953,2021,8,961,Piotr Woźniak-Starak,14907
4452845,2021,8,978,Zakochani po uszy,14779
2764644,2021,9,10,Bezczel,155655
4707942,2021,9,48,Sosnowski (muzyk),66411
4566742,2021,9,58,Fame MMA,58432
2294699,2021,9,76,Reaktywność reaktora,48815
4857720,2021,9,119,Jan Wedel,38943
5042280,2021,9,123,Fort Boyard (polski program telewizyjny),38488
5051743,2021,9,155,Ekipa Friza,35510
147856,2021,9,169,Maciej Zięba (dominikanin),33519
5134760,2021,9,199,Receptura (serial telewizyjny),30805
3733133,2021,9,204,Marcin Matczak,30277
2528082,2021,9,210,Dorota Szelągowska,30017
1760837,2021,9,224,Chada,29252
4591948,2021,9,281,Love Island. Wyspa miłości,26072
3671294,2021,9,322,Marcin Wrzosek,24521
3314730,2021,9,335,Jan Kliment (tancerz),24117
93310,2021,9,394,Numery kierunkowe w Polsce,22336
4704393,2021,9,399,Grzegorz Markocki,22208
1078865,2021,9,419,Anna Szulc,21578
4750829,2021,9,450,Hotel Paradise,21050
4082870,2021,9,490,Michał Kempa,20266
4972433,2021,9,500,Lista odcinków programu Twoja twarz brzmi znajomo,20160
730857,2021,9,572,Aleksandra Kwaśniewska,18864
2372498,2021,9,631,Łukasz Jurkowski,17915
2421809,2021,9,721,Borys Mańkowski,16724
607327,2021,9,723,Emil Wedel,16708
3110896,2021,9,816,Aleksander Milwiw-Baron,15660
804692,2021,9,830,Maciej Sawicki,15545
6007112,2021,9,903,Chłopiec w pasiastej piżamie,14835
3759751,2021,9,976,Tomasz Oświeciński,14288
4566742,2021,10,17,Fame MMA,112794
3733133,2021,10,36,Marcin Matczak,80214
134786,2021,10,99,Dzień Edukacji Narodowej,44054
3110896,2021,10,117,Aleksander Milwiw-Baron,41325
4972433,2021,10,173,Lista odcinków programu Twoja twarz brzmi znajomo,33817
5051743,2021,10,228,Ekipa Friza,29605
3829451,2021,10,280,Hanna Żudziewicz,27334
5004864,2021,10,315,Łukasz Mejza,25842
1177840,2021,10,321,Zuzanna Leśniak,25619
4857720,2021,10,323,Jan Wedel,25526
3314730,2021,10,368,Jan Kliment (tancerz),24168
2421809,2021,10,371,Borys Mańkowski,24094
4265454,2021,10,394,Emil Stępień,23440
4886678,2021,10,416,Stowarzyszenie Roty Niepodległości,22720
2528082,2021,10,424,Dorota Szelągowska,22481
4750829,2021,10,431,Hotel Paradise,22146
3671294,2021,10,461,Marcin Wrzosek,21567
93310,2021,10,478,Numery kierunkowe w Polsce,21108
4591948,2021,10,507,Love Island. Wyspa miłości,20735
3108052,2021,10,537,Joanna Przetakiewicz,20124
5134760,2021,10,569,Receptura (serial telewizyjny),19608
1034284,2021,10,643,Rafał Maserak,18381
1760837,2021,10,698,Chada,17780
805572,2021,10,733,Jarosław Sokołowski (gangster),17389
1864568,2021,10,763,Tomasz Ciachorowski,16988
4600808,2021,10,795,Ninja Warrior Polska,16609
1289330,2021,10,802,Jerzy Kalibabka,16570
515841,2021,10,803,Puginał,16560
4579545,2021,10,817,Jacek Jeschke,16386
21322,2021,10,818,Stopnie naukowe w Polsce,16374
2372498,2021,10,844,Łukasz Jurkowski,16170
4082870,2021,10,874,Michał Kempa,15874
3240264,2021,10,894,Inflacja w Polsce,15624
265795,2021,10,945,Kastor i Polluks,15283
678774,2021,10,991,Czasowniki modalne w języku niemieckim,14813
4566742,2021,11,15,Fame MMA,116408
3671294,2021,11,45,Marcin Wrzosek,71325
5004864,2021,11,64,Łukasz Mejza,59913
5089375,2021,11,69,Kasjusz Życiński,57978
593174,2021,11,101,Agnieszka Fatyga,45937
664234,2021,11,106,Katarzyna Gärtner,45253
4886678,2021,11,138,Stowarzyszenie Roty Niepodległości,39936
1989081,2021,11,228,Robert Motyka,31681
3110896,2021,11,257,Aleksander Milwiw-Baron,29579
4465579,2021,11,329,Rafał Szatan,27220
3849212,2021,11,369,Sprawiedliwi – Wydział Kryminalny,25742
3733133,2021,11,380,Marcin Matczak,25522
383656,2021,11,386,Andrzej Urny,25318
2528082,2021,11,464,Dorota Szelągowska,23141
5051743,2021,11,486,Ekipa Friza,22510
856148,2021,11,495,Bogdan Łyszkiewicz,22367
4750829,2021,11,512,Hotel Paradise,21966
3822039,2021,11,561,Jan Młynarski,21086
1057387,2021,11,591,Andrzej Butruk,20691
4972433,2021,11,601,Lista odcinków programu Twoja twarz brzmi znajomo,20464
805572,2021,11,628,Jarosław Sokołowski (gangster),19993
1760837,2021,11,646,Chada,19644
1024254,2021,11,762,Polskie przejścia graniczne z Białorusią,17995
93310,2021,11,779,Numery kierunkowe w Polsce,17795
2865738,2021,11,790,Lista odcinków serialu Świat według Kiepskich,17615
4398422,2021,11,846,Krystian Kinastowski,17143
979795,2021,11,895,Witold Odrobina,16497
3240264,2021,11,898,Inflacja w Polsce,16491
730857,2021,11,943,Aleksandra Kwaśniewska,16076
5004864,2021,12,11,Łukasz Mejza,125504
648286,2021,12,49,Antoni Gucwiński,68300
1550465,2021,12,52,Kolędy polskie,68073
200005,2021,12,68,Sławomir Świerzyński,59986
201980,2021,12,114,Beata Rybotycka,46897
1989081,2021,12,179,Robert Motyka,37058
4771599,2021,12,184,Piotr Patkowski,36815
193093,2021,12,224,Milano (zespół muzyczny),32837
4566742,2021,12,255,Fame MMA,30568
2799104,2021,12,355,Andrzej Jaroszewicz,25607
3318450,2021,12,452,Rafał Piech,22543
5051743,2021,12,472,Ekipa Friza,22037
664234,2021,12,558,Katarzyna Gärtner,20225
2528082,2021,12,632,Dorota Szelągowska,19116
805572,2021,12,648,Jarosław Sokołowski (gangster),18899
3822039,2021,12,663,Jan Młynarski,18688
4750829,2021,12,666,Hotel Paradise,18672
1760837,2021,12,682,Chada,18410
3110896,2021,12,717,Aleksander Milwiw-Baron,18035
495625,2021,12,723,Tomasz Kammel,17945
93310,2021,12,743,Numery kierunkowe w Polsce,17728
2865738,2021,12,785,Lista odcinków serialu Świat według Kiepskich,17249
2916980,2021,12,809,Małgorzata Rozenek-Majdan,17021
2421809,2021,12,860,Borys Mańkowski,16569
4487665,2021,12,863,Marta Burdynowicz,16531
3690242,2021,12,901,Piękni i Młodzi,16163
198353,2021,12,913,Reprezentacja Polski w skokach narciarskich,16039
3240264,2021,12,949,Inflacja w Polsce,15693
2967773,2021,12,972,Mariusz Dzierżawski,15498
209246,2021,12,975,Zima stulecia,15447
783009,2022,1,2,Andrzej Banasiak,580634
805572,2022,1,10,Jarosław Sokołowski (gangster),208816
4663241,2022,1,29,Jak zostałem gangsterem. Historia prawdziwa,93669
760345,2022,1,31,Janusz Prasol,92478
1518340,2022,1,46,Łódzka „ośmiornica”,78986
1115787,2022,1,50,Ryszard Bogucki,73147
5833917,2022,1,54,Sztos,68441
804412,2022,1,63,Henryk Niewiadomski,64439
729021,2022,1,65,Andrzej Nowak (gitarzysta),63837
1115751,2022,1,66,Mirosław Danielak,63531
3532829,2022,1,68,Leszek Danielak,63322
4566742,2022,1,118,Fame MMA,48107
5148308,2022,1,123,Przemysław Gąsiorowicz,47031
818689,2022,1,142,Mariusz Ziomecki,44311
1563506,2022,1,167,Pjus,42375
5020181,2022,1,177,MMA-VIP,41285
343412,2022,1,195,Vox (zespół muzyczny),38802
762414,2022,1,204,Wiesław Niewiadomski,38305
3733133,2022,1,208,Marcin Matczak,38193
4604141,2022,1,216,Tymek,37355
896510,2022,1,234,Stanisława Gierek,35745
4771599,2022,1,235,Piotr Patkowski,35583
4278512,2022,1,248,Adriana Kalska,34714
828492,2022,1,275,Ryszard Forbrich,32514
1801691,2022,1,316,Paweł Wojtunik,30236
1697811,2022,1,321,Maxim w Gdyni,29837
761221,2022,1,361,Jeremiasz Barański,28352
837461,2022,1,391,Kazimierz Orzechowski (duchowny),27387
664234,2022,1,403,Katarzyna Gärtner,26761
1760837,2022,1,434,Chada,25645
96935,2022,1,435,Roman Kluska,25633
2743449,2022,1,453,Michał Gazda (aktor),25149
763466,2022,1,531,Janusz Trela,23639
4097900,2022,1,555,Marek Medvesek,23294
4492030,2022,1,563,Witold Kopeć,23106
93310,2022,1,568,Numery kierunkowe w Polsce,23035
3673045,2022,1,590,Marta Manowska,22590
379233,2022,1,655,Zbigniew Mikołajewski (gangster),21550
3240264,2022,1,670,Inflacja w Polsce,21209
4215440,2022,1,682,Marian Ziółkowski,20943
5051743,2022,1,693,Ekipa Friza,20730
198353,2022,1,707,Reprezentacja Polski w skokach narciarskich,20434
3026016,2022,1,718,Top Chef (Polska),20295
2421809,2022,1,725,Borys Mańkowski,20235
193093,2022,1,769,Milano (zespół muzyczny),19723
3110896,2022,1,838,Aleksander Milwiw-Baron,18816
2865738,2022,1,905,Lista odcinków serialu Świat według Kiepskich,17990
1255132,2022,1,907,Maciej Zientarski,17988
438686,2022,1,977,Polscy medaliści zimowych igrzysk olimpijskich,17353
2535956,2022,1,981,Igraszki z diabłem (Teatr Telewizji 1979),17332
882097,2022,1,984,Strzelanina w Magdalence,17298
3119065,2022,1,987,Na sygnale (polski serial telewizyjny),17256
343412,2022,2,41,Vox (zespół muzyczny),127394
438686,2022,2,70,Polscy medaliści zimowych igrzysk olimpijskich,97168
4566742,2022,2,104,Fame MMA,73701
828492,2022,2,127,Ryszard Forbrich,63016
5213749,2022,2,210,Andrzej Kozioł (piosenkarz),44855
783009,2022,2,227,Andrzej Banasiak,42930
3177440,2022,2,231,Hell’s Kitchen. Piekielna kuchnia,42310
421020,2022,2,326,Róże Europy,33362
4009144,2022,2,366,Izabella Łukomska-Pyżalska,30805
558065,2022,2,382,Góry Towarne,29988
4771599,2022,2,427,Piotr Patkowski,27619
5089375,2022,2,459,Kasjusz Życiński,26581
311321,2022,2,480,Sławomir Sikora (ur. 1964),25749
805572,2022,2,543,Jarosław Sokołowski (gangster),23962
5246658,2022,2,565,Dariusz Tokarzewski,23464
1231427,2022,2,616,Anna Głogowska,22373
1023600,2022,2,657,Polskie przejścia graniczne z Ukrainą,21621
4278512,2022,2,761,Adriana Kalska,19654
93310,2022,2,802,Numery kierunkowe w Polsce,19054
5051743,2022,2,913,Ekipa Friza,17594
2908280,2022,2,920,Lista czołgów Wojska Polskiego,17513
813299,2022,2,927,Afera korupcyjna w polskiej piłce nożnej,17426
198353,2022,2,955,Reprezentacja Polski w skokach narciarskich,17111
4566742,2022,3,105,Fame MMA,85986
1047205,2022,3,168,Karolina Korwin Piotrowska,63312
5244280,2022,3,192,Mask Singer,56265
1760837,2022,3,203,Chada,54816
1125539,2022,3,510,Maciej Radel,29897
5007598,2022,3,520,Patryk Cebulski,29670
3177440,2022,3,558,Hell’s Kitchen. Piekielna kuchnia,28177
4972433,2022,3,639,Lista odcinków programu Twoja twarz brzmi znajomo,25585
2908280,2022,3,665,Lista czołgów Wojska Polskiego,24940
1023600,2022,3,679,Polskie przejścia graniczne z Ukrainą,24528
3110896,2022,3,743,Aleksander Milwiw-Baron,22890
1264615,2022,3,746,Jacek Łęski,22859
4591948,2022,3,809,Love Island. Wyspa miłości,21591
93310,2022,3,880,Numery kierunkowe w Polsce,20447
2415701,2022,3,914,Panteon Narodowy w Krakowie,19936
311321,2022,3,922,Sławomir Sikora (ur. 1964),19777
2535465,2022,3,956,Żydzi chazarscy,19297
514888,2022,4,47,Jacek Szymkiewicz,81847
896510,2022,4,61,Stanisława Gierek,74632
5244280,2022,4,84,Mask Singer,62125
789125,2022,4,99,Zbigniew Hałat,56324
4566742,2022,4,112,Fame MMA,53087
4624596,2022,4,130,Katarzyna Sokołowska,46724
5287333,2022,4,135,Czerwona kalina,45716
1760837,2022,4,227,Chada,34401
148779,2022,4,272,Maciej Kurzajewski,31106
554917,2022,4,318,Jacek Skubikowski,29261
4972433,2022,4,393,Lista odcinków programu Twoja twarz brzmi znajomo,26204
2908280,2022,4,406,Lista czołgów Wojska Polskiego,25854
3110896,2022,4,476,Aleksander Milwiw-Baron,23106
4967196,2022,4,498,Jarosław Wolski,22356
1056695,2022,4,513,Dorota Gardias (dziennikarka),21937
1675870,2022,4,517,Halina Winiarska,21864
960702,2022,4,559,Bohdan Zdziennicki,20979
5179615,2022,4,561,Katarzyna Sienkiewicz (wokalistka),20939
1125539,2022,4,577,Maciej Radel,20690
173420,2022,4,599,Pogodno (zespół muzyczny),20274
118214,2022,4,732,Wojciech Korda,18037
2528082,2022,4,863,Dorota Szelągowska,16522
786093,2022,4,925,Paulina Smaszcz,15897
2302464,2022,4,937,Lista najstarszych ludzi w Polsce,15808
93310,2022,4,938,Numery kierunkowe w Polsce,15790
4750829,2022,4,940,Hotel Paradise,15764
5051743,2022,4,978,Ekipa Friza,15370
874906,2022,4,980,Ariadna Gierek-Łapińska,15354
3464261,2022,4,987,Stanisława Gierek-Ciaciura,15291
4566742,2022,5,27,Fame MMA,87375
3174740,2022,5,110,Waldemar Paruch,41268
514888,2022,5,152,Jacek Szymkiewicz,35574
5244280,2022,5,182,Mask Singer,32859
421020,2022,5,202,Róże Europy,31112
5179615,2022,5,215,Katarzyna Sienkiewicz (wokalistka),30124
2528082,2022,5,280,Dorota Szelągowska,26363
2829070,2022,5,321,Elżbieta Tarkowska,24516
175986,2022,5,349,Marek Goliszewski,23259
5241916,2022,5,465,Jacek Sienkiewicz (wokalista),19924
4972433,2022,5,500,Lista odcinków programu Twoja twarz brzmi znajomo,19373
1444818,2022,5,586,Jerzy Zass,17610
5186160,2022,5,637,Josef Bratan,16798
459147,2022,5,670,Krystyna Giżowska,16331
3240264,2022,5,677,Inflacja w Polsce,16274
3481676,2022,5,726,Radzimir Dębski,15567
755919,2022,5,767,Wiktor Bater,15229
4750829,2022,5,832,Hotel Paradise,14675
5242714,2022,5,893,Xayoo,14031
4809949,2022,6,11,Tadeusz Gołębiewski (przedsiębiorca),100551
828492,2022,6,64,Ryszard Forbrich,41802
4566742,2022,6,151,Fame MMA,30326
594670,2022,6,182,Andrzej Rosiewicz,27606
1115787,2022,6,309,Ryszard Bogucki,20966
2421809,2022,6,445,Borys Mańkowski,17701
5179615,2022,6,536,Katarzyna Sienkiewicz (wokalistka),15896
1039763,2022,6,540,Edward Miszczak,15849
3240264,2022,6,577,Inflacja w Polsce,15315
1726904,2022,6,643,Przemysław Frankowski (dziennikarz),14460
5186160,2022,6,652,Josef Bratan,14254
4215440,2022,6,691,Marian Ziółkowski,13915
2865738,2022,6,771,Lista odcinków serialu Świat według Kiepskich,13203
5299143,2022,6,845,Liga Narodów w Piłce Siatkowej Mężczyzn 2022 (składy),12647
496258,2022,6,910,Nina Terentiew,12178
1872759,2022,6,943,Renata Zarębska,11939
715440,2022,6,944,Andrzej Zieliński (wokalista),11927
148779,2022,6,945,Maciej Kurzajewski,11906
3754675,2022,6,965,Stanisław Karpiel-Bułecka,11765
3984364,2022,7,19,Mateusz Hołda,64675
4566742,2022,7,37,Fame MMA,49635
3843713,2022,7,106,Marlena Milwiw,34233
669515,2022,7,175,Krystyna Królówna,27147
5179615,2022,7,335,Katarzyna Sienkiewicz (wokalistka),19379
3240264,2022,7,337,Inflacja w Polsce,19344
3671294,2022,7,339,Marcin Wrzosek,19300
5051743,2022,7,403,Ekipa Friza,17980
4168664,2022,7,470,Grzegorz Szulakowski,16638
3733133,2022,7,527,Marcin Matczak,15607
5046843,2022,7,530,Renata Kim,15585
593174,2022,7,552,Agnieszka Fatyga,15328
5241916,2022,7,602,Jacek Sienkiewicz (wokalista),14874
5312416,2022,7,647,Jan Targosz,14363
3110896,2022,7,650,Aleksander Milwiw-Baron,14335
1760837,2022,7,743,Chada,13392
5299143,2022,7,763,Liga Narodów w Piłce Siatkowej Mężczyzn 2022 (składy),13227
4809949,2022,7,788,Tadeusz Gołębiewski (przedsiębiorca),12918
2865738,2022,7,824,Lista odcinków serialu Świat według Kiepskich,12579
2916980,2022,7,925,Małgorzata Rozenek-Majdan,11859
4566742,2022,8,29,Fame MMA,73426
1373308,2022,8,72,Roman Żurek,43027
670996,2022,8,80,Neo-Nówka,41507
4313797,2022,8,99,Tamara Gonzalez Perea,37032
1432597,2022,8,147,Radosław Bielecki,30304
2714267,2022,8,149,Michał Gawliński,30091
180840,2022,8,169,Piotr Szkudelski,28641
4554232,2022,8,183,Przemysław Daca,27466
2302464,2022,8,189,Lista najstarszych ludzi w Polsce,26692
5179615,2022,8,209,Katarzyna Sienkiewicz (wokalistka),25992
1759081,2022,8,229,Elewator Ewa,25075
127485,2022,8,248,Przyducha,24203
594670,2022,8,310,Andrzej Rosiewicz,21815
5241916,2022,8,341,Jacek Sienkiewicz (wokalista),21035
304455,2022,8,418,Oddział Zamknięty,18922
3671294,2022,8,428,Marcin Wrzosek,18734
3108052,2022,8,452,Joanna Przetakiewicz,18283
100662,2022,8,473,Złotopolscy,17846
1232047,2022,8,486,Agnieszka Woźniak-Starak,17661
5051743,2022,8,551,Ekipa Friza,16478
2916980,2022,8,554,Małgorzata Rozenek-Majdan,16447
4204040,2022,8,636,Państwowe Gospodarstwo Wodne Wody Polskie,15535
593174,2022,8,651,Agnieszka Fatyga,15338
2865738,2022,8,742,Lista odcinków serialu Świat według Kiepskich,14413
4158812,2022,8,759,Ambasada RP w Panamie,14285
565959,2022,8,822,Dominika Gawęda,13692
3849212,2022,8,855,Sprawiedliwi – Wydział Kryminalny,13355
4367813,2022,8,866,Sarius,13275
1989081,2022,8,942,Robert Motyka,12585
4604953,2022,8,959,Piotr Woźniak-Starak,12446
3641927,2022,8,965,Nocny Kochanek,12397
5137767,2022,8,976,Wrocław: Libacja na skwerku,12316
3618433,2022,9,56,Mateusz Matyszkowicz,93780
4566742,2022,9,159,Fame MMA,45096
492969,2022,9,171,Herb Wejherowa,43316
223115,2022,9,209,Aleksander Lwow,37639
90690,2022,9,221,Wojciech Mann,36399
773577,2022,9,328,Wiktor Zatwarski,29032
1302254,2022,9,363,Sprawa zabójstwa Krzysztofa Olewnika,27181
2916980,2022,9,378,Małgorzata Rozenek-Majdan,26508
1979334,2022,9,395,Jacek Berbeka,25811
5331333,2022,9,416,Katarzyna Polewany,25136
664234,2022,9,421,Katarzyna Gärtner,24995
4598434,2022,9,445,Michał Zembala,24045
3177440,2022,9,472,Hell’s Kitchen. Piekielna kuchnia,23171
5186160,2022,9,541,Josef Bratan,21246
3461152,2022,9,564,Piotr Pytel,20694
2621879,2022,9,575,Odznaczeni Orderem Orła Białego (III Rzeczpospolita),20537
2552054,2022,9,619,Ewa Błachnio,19337
3110896,2022,9,623,Aleksander Milwiw-Baron,19257
4972433,2022,9,707,Lista odcinków programu Twoja twarz brzmi znajomo,17744
1170248,2022,9,746,Krzysztof Berbeka,17104
4591948,2022,9,767,Love Island. Wyspa miłości,16752
593174,2022,9,769,Agnieszka Fatyga,16726
744459,2022,9,779,Agnieszka Litwin,16573
495625,2022,9,811,Tomasz Kammel,16189
4770081,2022,9,837,Malwina Wędzikowska,15792
2865738,2022,9,959,Lista odcinków serialu Świat według Kiepskich,14523
3240264,2022,9,981,Inflacja w Polsce,14275
148779,2022,10,13,Maciej Kurzajewski,149422
786093,2022,10,31,Paulina Smaszcz,94299
134786,2022,10,91,Dzień Edukacji Narodowej,46172
5199185,2022,10,196,Joanna Tyrowicz,33256
4566742,2022,10,247,Fame MMA,29245
636072,2022,10,297,Kolarstwo klasyczne,26596
5331333,2022,10,352,Katarzyna Polewany,24505
5337609,2022,10,359,Ilona Krawczyńska,24172
3076023,2022,10,373,Jarosława Różańska,23724
2916980,2022,10,390,Małgorzata Rozenek-Majdan,23298
3177440,2022,10,426,Hell’s Kitchen. Piekielna kuchnia,22306
4972433,2022,10,443,Lista odcinków programu Twoja twarz brzmi znajomo,21888
5382441,2022,10,454,KORWiN,21458
90690,2022,10,521,Wojciech Mann,19992
1022111,2022,10,576,Marcin Hakiel,18896
593174,2022,10,628,Agnieszka Fatyga,18275
3108052,2022,10,711,Joanna Przetakiewicz,17353
3240264,2022,10,775,Inflacja w Polsce,16409
2552054,2022,10,843,Ewa Błachnio,15584
2865738,2022,10,850,Lista odcinków serialu Świat według Kiepskich,15524
997272,2022,10,945,Maciej Witucki,14697
2354612,2022,10,960,Osadnik Gajówka,14585
21322,2022,10,983,Stopnie naukowe w Polsce,14329
3108052,2022,11,61,Joanna Przetakiewicz,70533
4566742,2022,11,85,Fame MMA,61131
148779,2022,11,119,Maciej Kurzajewski,52206
786093,2022,11,154,Paulina Smaszcz,44599
477820,2022,11,183,Universe (zespół muzyczny),39286
1379920,2022,11,186,Jerzy Błaszczyk,38936
3127740,2022,11,214,Historia reprezentacji Polski w piłce nożnej mężczyzn,36300
1524920,2022,11,294,Rinke Rooyens,31072
1234924,2022,11,346,Marcin Kudełka,27561
594670,2022,11,463,Andrzej Rosiewicz,24028
5378527,2022,11,485,Mirosław Skrzypczyński,23342
4771599,2022,11,487,Piotr Patkowski,23224
496258,2022,11,546,Nina Terentiew,21701
2916980,2022,11,668,Małgorzata Rozenek-Majdan,19438
2865738,2022,11,712,Lista odcinków serialu Świat według Kiepskich,18744
5187551,2022,11,736,Olga Łasak,18399
896510,2022,11,806,Stanisława Gierek,17529
4750829,2022,11,825,Hotel Paradise,17262
783009,2022,11,846,Andrzej Banasiak,17058
4560733,2022,11,856,Łukasz Drapała,16893
5331333,2022,11,880,Katarzyna Polewany,16542
3177440,2022,11,888,Hell’s Kitchen. Piekielna kuchnia,16471
747443,2022,11,895,Dom Artystów Weteranów Scen Polskich,16415
1760837,2022,11,921,Chada,16132
610170,2022,12,15,Justyna Sieńczyłło,203663
1707154,2022,12,130,Małgorzata Potocka (tancerka),51149
1550465,2022,12,163,Kolędy polskie,43964
617146,2022,12,199,Piotr Walter,38751
496258,2022,12,340,Nina Terentiew,27490
3618433,2022,12,346,Mateusz Matyszkowicz,27298
594670,2022,12,383,Andrzej Rosiewicz,25618
3108052,2022,12,524,Joanna Przetakiewicz,21476
492969,2022,12,581,Herb Wejherowa,20223
1124050,2022,12,600,Andrzej Matul,19916
2176085,2022,12,610,Iwona Wieczorek,19769
4566742,2022,12,621,Fame MMA,19540
148779,2022,12,624,Maciej Kurzajewski,19466
3895477,2022,12,651,Agata Gałuszka-Górska,18918
2492517,2022,12,668,Małgorzata Żak,18643
2528082,2022,12,676,Dorota Szelągowska,18506
5209869,2022,12,792,High League,16798
184419,2022,12,813,Tadeusz Sznuk,16541
3754675,2022,12,840,Stanisław Karpiel-Bułecka,16185
209246,2022,12,856,Zima stulecia,16029
1039763,2022,12,900,Edward Miszczak,15561
477820,2022,12,919,Universe (zespół muzyczny),15328
3127740,2022,12,928,Historia reprezentacji Polski w piłce nożnej mężczyzn,15251
3690242,2022,12,947,Piękni i Młodzi,15049
3561999,2022,12,955,Komisja ds. Likwidacji Wojskowych Służb Informacyjnych,14983
2865738,2022,12,993,Lista odcinków serialu Świat według Kiepskich,14709
1760837,2023,1,71,Chada,58228
5345276,2023,1,90,Dom pod Dwoma Orłami,49768
810759,2023,1,91,Marek Gaszyński,49695
1466311,2023,1,95,Alicja Węgorzewska-Whiskerd,49386
4566742,2023,1,153,Fame MMA,38913
1039763,2023,1,187,Edward Miszczak,35607
610170,2023,1,210,Justyna Sieńczyłło,33332
636072,2023,1,468,Kolarstwo klasyczne,22475
46107,2023,1,497,Bogusław Grabowski,21700
496258,2023,1,540,Nina Terentiew,20850
3618433,2023,1,607,Mateusz Matyszkowicz,19615
4877130,2023,1,614,Sonia Mietielica,19451
594670,2023,1,656,Andrzej Rosiewicz,18890
148779,2023,1,680,Maciej Kurzajewski,18553
5375449,2023,1,755,VeloBank,17519
198353,2023,1,772,Reprezentacja Polski w skokach narciarskich,17332
5335826,2023,1,809,Lil Masti,16961
805572,2023,1,818,Jarosław Sokołowski (gangster),16836
2528082,2023,1,835,Dorota Szelągowska,16647
477820,2023,1,922,Universe (zespół muzyczny),15859
4824632,2023,1,931,Michał Pasternak,15804
2865738,2023,1,992,Lista odcinków serialu Świat według Kiepskich,15276
4566742,2023,2,45,Fame MMA,56893
1466311,2023,2,124,Alicja Węgorzewska-Whiskerd,36589
1278848,2023,2,277,Rafał Baniak,25502
5345276,2023,2,284,Dom pod Dwoma Orłami,25239
4716193,2023,2,335,Nicole Sochacki-Wójcicka,23516
5260104,2023,2,586,Friz,17307
4470614,2023,2,608,Jan Dąbrowski (bloger),17070
3671294,2023,2,684,Marcin Wrzosek,16029
5209869,2023,2,770,High League,15195
3618433,2023,2,810,Mateusz Matyszkowicz,14857
3108052,2023,2,812,Joanna Przetakiewicz,14846
184419,2023,2,889,Tadeusz Sznuk,14188
2302464,2023,2,897,Lista najstarszych ludzi w Polsce,14102
1039763,2023,2,902,Edward Miszczak,14046
148779,2023,2,909,Maciej Kurzajewski,14027
532055,2023,2,927,Jerzy Nasierowski,13928
2865738,2023,2,963,Lista odcinków serialu Świat według Kiepskich,13695
2863260,2023,2,970,Ministrowie Skarbu Państwa (Polska),13647
4232684,2023,3,46,Solaris (polski zespół muzyczny),64835
4019395,2023,3,64,Jolanta Lange,53156
1289330,2023,3,143,Jerzy Kalibabka,37105
1490760,2023,3,194,Puszcza Karpacka,32329
5209869,2023,3,203,High League,31519
3619653,2023,3,214,Dominik Kuta,30654
4877130,2023,3,266,Sonia Mietielica,27381
4770081,2023,3,277,Malwina Wędzikowska,27007
4972433,2023,3,371,Lista odcinków programu Twoja twarz brzmi znajomo,23503
4566742,2023,3,379,Fame MMA,23283
3110896,2023,3,410,Aleksander Milwiw-Baron,22474
4591948,2023,3,442,Love Island. Wyspa miłości,21583
3523660,2023,3,443,Marcin Gutowski,21574
184419,2023,3,465,Tadeusz Sznuk,20977
2528082,2023,3,480,Dorota Szelągowska,20672
3177440,2023,3,544,Hell’s Kitchen. Piekielna kuchnia,19513
90690,2023,3,566,Wojciech Mann,19077
3971571,2023,3,612,Jan Śpiewak (działacz społeczny),18407
5102544,2023,3,622,Eryk Kulm (muzyk),18284
102551,2023,3,625,Maciej Rock,18263
764397,2023,3,686,Tomasz Terlikowski,17569
399711,2023,3,724,Dt,17085
1760837,2023,3,739,Chada,16882
52452,2023,3,786,Arcybractwo Męki Pańskiej,16461
2830494,2023,3,813,Katarzyna Butowtt,16099
3108052,2023,3,821,Joanna Przetakiewicz,15996
660246,2023,3,878,Adam Sandauer,15410
3618433,2023,3,912,Mateusz Matyszkowicz,15131
2865738,2023,3,955,Lista odcinków serialu Świat według Kiepskich,14755
5260104,2023,3,992,Friz,14486
165643,2023,4,101,Michał Wójcik (komik),38099
90690,2023,4,165,Wojciech Mann,31311
2621879,2023,4,168,Odznaczeni Orderem Orła Białego (III Rzeczpospolita),31001
4824632,2023,4,205,Michał Pasternak,28454
4566742,2023,4,293,Fame MMA,23717
1289330,2023,4,385,Jerzy Kalibabka,21187
856148,2023,4,498,Bogdan Łyszkiewicz,18466
4972433,2023,4,501,Lista odcinków programu Twoja twarz brzmi znajomo,18417
184419,2023,4,533,Tadeusz Sznuk,17757
882097,2023,4,589,Strzelanina w Magdalence,16799
3971571,2023,4,596,Jan Śpiewak (działacz społeczny),16699
3177440,2023,4,660,Hell’s Kitchen. Piekielna kuchnia,15999
3110896,2023,4,720,Aleksander Milwiw-Baron,15449
3983271,2023,4,826,Tomasz Gromadzki,14510
1278848,2023,4,834,Rafał Baniak,14431
164204,2023,4,890,Oscylator ekonomiczny,13942
4600808,2023,4,963,Ninja Warrior Polska,13339
1760837,2023,5,89,Chada,49629
4566742,2023,5,127,Fame MMA,42078
1039763,2023,5,133,Edward Miszczak,41048
4824632,2023,5,159,Michał Pasternak,38356
4540908,2023,5,255,Total Casino,29007
1989081,2023,5,415,Robert Motyka,22620
1289330,2023,5,428,Jerzy Kalibabka,22350
1629995,2023,5,437,Wincenty Grabarczyk,21999
496258,2023,5,488,Nina Terentiew,20560
5209869,2023,5,559,High League,19056
1050036,2023,5,573,Paweł Siennicki,18837
184419,2023,5,601,Tadeusz Sznuk,18274
3983271,2023,5,673,Tomasz Gromadzki,17295
5223970,2023,5,674,Piotr Jacoń,17287
454960,2023,5,714,Jacek Janczarski,16708
505915,2023,5,825,Krzysztof Daukszewicz,15595
3629594,2023,5,880,Ryszard Majdzik,15136
477820,2023,6,99,Universe (zespół muzyczny),40724
4540908,2023,6,165,Total Casino,30993
2013249,2023,6,173,Sławek Uniatowski,30459
529962,2023,6,176,Krzysztof Jaryczewski,30193
4323860,2023,6,180,Jakub Ulewicz,30088
1539474,2023,6,187,Wojciech Walerian Suchodolski,29489
594670,2023,6,189,Andrzej Rosiewicz,29207
721375,2023,6,240,Wanda Kwietniewska,25740
5316059,2023,6,242,Dawid Dulski,25581
4332964,2023,6,330,Jolanta Borusiewicz,21972
2916980,2023,6,364,Małgorzata Rozenek-Majdan,20877
4566742,2023,6,388,Fame MMA,20235
304455,2023,6,402,Oddział Zamknięty,19997
2640902,2023,6,461,Lista i wyniki gal Konfrontacji Sztuk Walki,18737
2372498,2023,6,488,Łukasz Jurkowski,18046
5997118,2023,6,490,Rostów,17977
4009144,2023,6,516,Izabella Łukomska-Pyżalska,17580
730857,2023,6,529,Aleksandra Kwaśniewska,17416
983360,2023,6,540,Monika Osińska,17168
5223970,2023,6,569,Piotr Jacoń,16751
4750829,2023,6,582,Hotel Paradise,16489
591898,2023,6,583,Anna Popek,16488
5209869,2023,6,679,High League,15306
775690,2023,6,785,Marta Cugier,14233
1184206,2023,6,821,Józef Wancer,13963
5468200,2023,6,849,Mieczysław Mentzen,13774
529636,2023,6,858,Andrzej Dąbrowski (piosenkarz),13699
3900777,2023,6,864,Finaliści tenisowych turniejów wielkoszlemowych,13656
505915,2023,6,880,Krzysztof Daukszewicz,13547
559087,2023,6,920,Boże Ciało,13179
4699031,2023,6,984,Agata Konarska,12726
897740,2023,6,989,Adam Borowski,12695
518319,2023,7,45,Miriam Aleksandrowicz,57703
926388,2023,7,59,Mirosław Stasiak,51219
602261,2023,7,112,Tęczowy Music Box,39947
5286018,2023,7,141,Puchar Świata kobiet w skokach narciarskich 2022/2023,35999
4566742,2023,7,151,Fame MMA,34583
4824632,2023,7,217,Michał Pasternak,28971
1103730,2023,7,241,Liliana Urbańska,26981
66968,2023,7,271,Trzonolinowiec we Wrocławiu,25589
5186160,2023,7,348,Josef Bratan,22126
4540908,2023,7,511,Total Casino,18209
4750829,2023,7,579,Hotel Paradise,16997
471355,2023,7,623,Jacek Czyż,16335
184419,2023,7,660,Tadeusz Sznuk,15767
2302464,2023,7,675,Lista najstarszych ludzi w Polsce,15589
3754675,2023,7,860,Stanisław Karpiel-Bułecka,13785
5468200,2023,7,867,Mieczysław Mentzen,13717
591898,2023,7,884,Anna Popek,13603
4760690,2023,7,911,Trzonolinowiec,13450
5089375,2023,7,954,Kasjusz Życiński,13166
5179615,2023,8,85,Katarzyna Sienkiewicz (wokalistka),45129
4557921,2023,8,89,Symetryzm,44039
2383348,2023,8,119,Okręgi wyborcze do Sejmu Rzeczypospolitej Polskiej,37639
5241916,2023,8,125,Jacek Sienkiewicz (wokalista),36748
4566742,2023,8,314,Fame MMA,24093
611806,2023,8,334,Radio-Stop,23421
5266713,2023,8,338,Joanna Jakubas,23367
212497,2023,8,340,Robert Rozmus,23302
846561,2023,8,369,Katarzyna Bosacka,22083
5499832,2023,8,472,Skolim,19769
2275743,2023,8,475,Jan Greber,19709
5137767,2023,8,618,Wrocław: Libacja na skwerku,17378
1462811,2023,8,634,Referendum ogólnokrajowe,17180
4750829,2023,8,643,Hotel Paradise,17059
99070,2023,8,762,Wykaz środków odurzających i substancji psychotropowych,15543
5335826,2023,8,792,Lil Masti,15226
2052684,2023,8,821,Występy polskich klubów w Lidze Mistrzów UEFA,15034
5004864,2023,8,868,Łukasz Mejza,14627
2528082,2023,8,907,Dorota Szelągowska,14382
3822039,2023,8,948,Jan Młynarski,14124
1318950,2023,9,62,Irena Rybczyńska-Holland,53333
4566742,2023,9,93,Fame MMA,44015
3318450,2023,9,140,Rafał Piech,33907
2383348,2023,9,184,Okręgi wyborcze do Sejmu Rzeczypospolitej Polskiej,30455
1176170,2023,9,274,Ewa Uryga,25163
3984364,2023,9,279,Mateusz Hołda,24961
5102544,2023,9,309,Eryk Kulm (muzyk),23957
2994745,2023,9,320,Marcin Januszkiewicz,23559
5004864,2023,9,425,Łukasz Mejza,20186
184419,2023,9,430,Tadeusz Sznuk,20095
3110896,2023,9,581,Aleksander Milwiw-Baron,16936
4750829,2023,9,624,Hotel Paradise,16307
5179615,2023,9,635,Katarzyna Sienkiewicz (wokalistka),16136
2713375,2023,9,681,Rafał Wilczur,15376
4557921,2023,9,685,Symetryzm,15300
2665958,2023,9,700,Bracia Figo Fagot,15128
1286556,2023,9,704,Stanisław Brodzki,15097
4972433,2023,9,725,Lista odcinków programu Twoja twarz brzmi znajomo,14900
2448912,2023,9,731,Cezary Kussyk,14832
137970,2023,9,738,Rafał Paczkowski,14726
1084850,2023,9,861,Paweł Sanakiewicz,13550
3971571,2023,9,905,Jan Śpiewak (działacz społeczny),13329
2896469,2023,9,988,Bharat,12745
3354318,2023,10,53,Sylwester Wardęga,83544
5520510,2023,10,64,Fagata,72528
2383348,2023,10,87,Okręgi wyborcze do Sejmu Rzeczypospolitej Polskiej,56832
118214,2023,10,128,Wojciech Korda,47012
4566742,2023,10,130,Fame MMA,46849
3318450,2023,10,158,Rafał Piech,42276
496180,2023,10,166,Danuta Holecka,41497
4927921,2023,10,179,Grzegorz i Rafał Collins,39492
2713375,2023,10,188,Rafał Wilczur,37578
1462811,2023,10,193,Referendum ogólnokrajowe,37242
4288288,2023,10,226,Magdalena Pietrzak,34216
5004864,2023,10,227,Łukasz Mejza,34162
134786,2023,10,241,Dzień Edukacji Narodowej,32819
5240076,2023,10,251,Maciej Klisz,31982
5516906,2023,10,259,Rubens (piosenkarz),31213
356637,2023,10,282,Janusz Grudziński,29539
5179615,2023,10,297,Katarzyna Sienkiewicz (wokalistka),28406
5468200,2023,10,371,Mieczysław Mentzen,24848
4505245,2023,10,405,Władysław Teofil Bartoszewski,23673
5241916,2023,10,429,Jacek Sienkiewicz (wokalista),22928
4189296,2023,10,472,Grzegorz Sokołowski,21836
3122711,2023,10,483,Andrzej Półtawski,21566
593174,2023,10,521,Agnieszka Fatyga,20598
4641416,2023,10,531,Sejm Rzeczypospolitej Polskiej IX kadencji,20499
4281019,2023,10,559,Sylwester Marciniak,19882
5485869,2023,10,588,Kacperczyk,19291
5484238,2023,10,590,Wojciech Gola,19209
3946415,2023,10,636,Wojciech Szewko,18590
4890397,2023,10,646,Karol Dziuba,18474
5487370,2023,10,659,Krzysztof Maj,18228
4710108,2023,10,740,Wybory prezydenckie w Polsce w 2020 roku (pierwsze),17330
4401997,2023,10,786,Blowek,16788
4401986,2023,10,826,Remigiusz Wierzgoń,16382
3103483,2023,10,873,Marek Chmaj,15593
184419,2023,10,894,Tadeusz Sznuk,15310
787710,2023,11,49,Michał Chorosiński,63637
557539,2023,11,78,Tomasz Zimoch,50176
210061,2023,11,82,Krzysztof Jaślar,49486
184419,2023,11,151,Tadeusz Sznuk,38626
5540832,2023,11,161,Sejm Rzeczypospolitej Polskiej X kadencji,37107
4927921,2023,11,166,Grzegorz i Rafał Collins,36065
4908824,2023,11,177,Władysław Grochowski,34943
648286,2023,11,220,Antoni Gucwiński,31560
2916980,2023,11,251,Małgorzata Rozenek-Majdan,29160
115451,2023,11,279,Prezydium Sejmu,27964
1033632,2023,11,329,Jarosław Centek,25504
496180,2023,11,453,Danuta Holecka,21847
5004864,2023,11,488,Łukasz Mejza,20867
77833,2023,11,490,Konwent Seniorów,20796
5179615,2023,11,492,Katarzyna Sienkiewicz (wokalistka),20778
4641416,2023,11,523,Sejm Rzeczypospolitej Polskiej IX kadencji,20100
3551554,2023,11,549,Kortez,19540
3882897,2023,11,566,Agnieszka Kaczmarska,19266
5260199,2023,11,672,Agnieszka Wojciechowska van Heukelom,17545
4566742,2023,11,684,Fame MMA,17395
4771599,2023,11,694,Piotr Patkowski,17266
629807,2023,11,702,Bartłomiej Sochański,17173
2528082,2023,11,743,Dorota Szelągowska,16645
4465928,2023,11,744,Jakub Wons,16629
5241916,2023,11,757,Jacek Sienkiewicz (wokalista),16444
5569747,2023,11,808,Monika Horna-Cieślak,15850
5537344,2023,11,838,Dorota Bojemska,15545
1064794,2023,12,29,Afera gruntowa,97430
6109524,2023,12,37,Dariusz Wieczorek,82468
4010433,2023,12,43,Monika Braun,76046
496180,2023,12,55,Danuta Holecka,69545
5580236,2023,12,69,Piotr Zemła,60712
3665831,2023,12,76,Samuel Pereira,59355
635625,2023,12,100,Elżbieta Sommer,51010
1550465,2023,12,205,Kolędy polskie,35000
77833,2023,12,244,Konwent Seniorów,31563
307953,2023,12,287,Kabaret Rak,28867
4566742,2023,12,307,Fame MMA,27586
5540832,2023,12,327,Sejm Rzeczypospolitej Polskiej X kadencji,26680
4283844,2023,12,328,Lejb Fogelman,26628
3618433,2023,12,329,Mateusz Matyszkowicz,26606
5520510,2023,12,363,Fagata,25369
162539,2023,12,373,Marek Sierocki,25151
57327,2023,12,418,Minister bez teki (Polska),23668
4927921,2023,12,420,Grzegorz i Rafał Collins,23660
3110896,2023,12,437,Aleksander Milwiw-Baron,23318
5446089,2023,12,449,Barbara Nowak (kurator),22973
5004864,2023,12,469,Łukasz Mejza,22481
2064354,2023,12,475,Juliusz Braun (prawnik),22384
5499832,2023,12,536,Skolim,20853
4540908,2023,12,537,Total Casino,20827
2720604,2023,12,576,Sławomir Zieliński (dziennikarz),20097
5179615,2023,12,631,Katarzyna Sienkiewicz (wokalistka),19012
3690242,2023,12,702,Piękni i Młodzi,18026
184419,2023,12,726,Tadeusz Sznuk,17705
102483,2023,12,735,Jarosław Kulczycki,17582
589829,2023,12,739,Edyta Lewandowska (dziennikarka),17521
162365,2023,12,764,Telewizyjna Agencja Informacyjna,17197
5020339,2023,12,813,Adrian Klarenbach,16520
4267714,2023,12,848,Grzegorz Płonka,16083
5569747,2023,12,853,Monika Horna-Cieślak,16066
5275707,2023,12,866,Marek Wójcik,15901
115451,2023,12,899,Prezydium Sejmu,15620
4824632,2023,12,961,Michał Pasternak,15023
2458161,2023,12,974,Jarosław Stróżyk,14927
96935,2023,12,976,Roman Kluska,14907
1109191,2023,12,981,Grzegorz Poloczek,14884
1064794,2024,1,9,Afera gruntowa,199081
4338173,2024,1,27,Witek Muzyk Ulicy,100571
2835026,2024,1,33,Jacek Dubois,94422
5571794,2024,1,40,Maria Ejchart,81609
853251,2024,1,80,Dariusz Barski,59678
5260199,2024,1,84,Agnieszka Wojciechowska van Heukelom,58845
897080,2024,1,92,Marcin Kącki,56820
5506025,2024,1,134,Abolicja indywidualna,45249
6020111,2024,1,138,Barbara Kamińska,44626
1760837,2024,1,149,Chada,42824
5520510,2024,1,163,Fagata,41351
536271,2024,1,194,Malwina Kusior,38167
3449429,2024,1,215,Wojciech Kwaśniak,36268
820022,2024,1,217,Klaudia Carlos,36216
5504424,2024,1,273,Zabójstwo dokonane przez Kajetana Poznańskiego,32415
3584444,2024,1,295,Ryszard Piotrowski,31041
1466311,2024,1,301,Alicja Węgorzewska-Whiskerd,30903
3665831,2024,1,444,Samuel Pereira,24503
5557209,2024,1,462,Przemysław Rosati,24073
496180,2024,1,508,Danuta Holecka,22942
5175719,2024,1,558,Małgorzata Kozłowska-Wojciechowska,22001
783009,2024,1,589,Andrzej Banasiak,21091
5499832,2024,1,603,Skolim,20816
4918641,2024,1,630,Małgorzata Paprocka,20464
4771599,2024,1,667,Piotr Patkowski,19942
5212559,2024,1,669,Paweł Gajewski (polityk),19875
3671294,2024,1,695,Marcin Wrzosek,19460
1255132,2024,1,716,Maciej Zientarski,19202
3733133,2024,1,718,Marcin Matczak,19187
3895498,2024,1,722,Robert Hernand,19167
1869536,2024,1,723,Halina Lichocka,19164
5439745,2024,1,769,Justyna Dobrosz-Oracz,18563
5451821,2024,1,801,Jerzy Katarasiński,18206
312310,2024,1,813,Agata Młynarska,17984
5484238,2024,1,814,Wojciech Gola,17984
4938939,2024,1,845,Ryszard Herba,17615
4505245,2024,1,857,Władysław Teofil Bartoszewski,17509
6109524,2024,1,892,Dariusz Wieczorek,17094
4927921,2024,1,902,Grzegorz i Rafał Collins,16974
1133396,2024,2,21,Piotr Morawiec,75056
3712893,2024,2,26,Jerzy Nawrocki (informatyk),71668
3665831,2024,2,56,Samuel Pereira,52017
5520510,2024,2,73,Fagata,47334
1775675,2024,2,118,Paweł Czarnecki,37411
1466311,2024,2,130,Alicja Węgorzewska-Whiskerd,36163
1435566,2024,2,213,Marzena Domaros,28577
4566742,2024,2,227,Fame MMA,27962
5590842,2024,2,293,Sami swoi. Początek,24787
1576435,2024,2,348,Tomasz Bocheński,22733
1800218,2024,2,384,Vixen (raper),21740
6011764,2024,2,462,Ewa Wrzosek,19687
4540908,2024,2,488,Total Casino,19128
1042401,2024,2,577,Magdalena Cwenówna,17522
5186160,2024,2,582,Josef Bratan,17437
3914351,2024,2,630,Pamiętnik Anastazji P.,16687
2640902,2024,2,819,Lista i wyniki gal Konfrontacji Sztuk Walki,14534
2865738,2024,2,825,Lista odcinków serialu Świat według Kiepskich,14508
5484238,2024,2,826,Wojciech Gola,14486
3733133,2024,2,852,Marcin Matczak,14219
5558157,2024,2,865,Lista i wyniki gal Fame MMA,14130
4824632,2024,2,909,Michał Pasternak,13756
805572,2024,3,55,Jarosław Sokołowski (gangster),53984
5520510,2024,3,112,Fagata,41809
1775675,2024,3,127,Paweł Czarnecki,39283
3796898,2024,3,136,Tomasz Wygoda,36930
2721090,2024,3,172,Fotorewolwer Brandla,34099
1800218,2024,3,307,Vixen (raper),25897
4283844,2024,3,317,Lejb Fogelman,25406
90690,2024,3,509,Wojciech Mann,20043
1034284,2024,3,556,Rafał Maserak,19156
882097,2024,3,569,Strzelanina w Magdalence,18809
4579545,2024,3,584,Jacek Jeschke,18510
811636,2024,3,590,Beata Michniewicz,18443
1268179,2024,3,608,Star-Typ Sport,18073
4770081,2024,3,614,Malwina Wędzikowska,17995
1133396,2024,3,654,Piotr Morawiec,17463
3110896,2024,3,655,Aleksander Milwiw-Baron,17462
3829451,2024,3,666,Hanna Żudziewicz,17268
2501394,2024,3,674,Alina Kamińska (aktorka),17200
4972433,2024,3,732,Lista odcinków programu Twoja twarz brzmi znajomo,16381
5120188,2024,3,741,Karolina Gilon,16290
3971571,2024,3,780,Jan Śpiewak (działacz społeczny),15826
4838342,2024,3,812,Historyczne tablice rejestracyjne w Polsce,15513
4534185,2024,3,830,Maciej Taborowski,15205
783009,2024,3,877,Andrzej Banasiak,14719
5571794,2024,3,888,Maria Ejchart,14643
5573487,2024,3,899,Lexy Chaplin,14526
2865738,2024,3,925,Lista odcinków serialu Świat według Kiepskich,14299
983360,2024,3,942,Monika Osińska,14193
4750829,2024,3,966,Hotel Paradise,13954
1232047,2024,3,973,Agnieszka Woźniak-Starak,13912
5520510,2024,4,92,Fagata,37537
3110896,2024,4,119,Aleksander Milwiw-Baron,34742
4991853,2024,4,138,Patrycja Matusz,31800
144827,2024,4,191,21 Brygada Strzelców Podhalańskich,27549
3647339,2024,4,235,Radosław Kotarski,25367
136442,2024,4,261,Wielka gra,24269
4972433,2024,4,297,Lista odcinków programu Twoja twarz brzmi znajomo,23170
3388572,2024,4,310,Okręgi wyborcze do Parlamentu Europejskiego w Polsce,22646
3177440,2024,4,350,Hell’s Kitchen. Piekielna kuchnia,21379
4600808,2024,4,392,Ninja Warrior Polska,20370
2916980,2024,4,395,Małgorzata Rozenek-Majdan,20320
1800218,2024,4,505,Vixen (raper),17915
5446089,2024,4,547,Barbara Nowak (kurator),17330
184419,2024,4,551,Tadeusz Sznuk,17220
4750829,2024,4,567,Hotel Paradise,16995
499582,2024,4,594,Va banque (teleturniej),16505
729929,2024,4,597,Małgorzata Mańka-Szulik,16477
805572,2024,4,617,Jarosław Sokołowski (gangster),16231
4579545,2024,4,630,Jacek Jeschke,16104
1034284,2024,4,662,Rafał Maserak,15760
4866621,2024,4,699,Bartłomiej Marszałek,15234
4283844,2024,4,715,Lejb Fogelman,15001
1567672,2024,4,723,Mieczysław Grąbka,14928
4307220,2024,4,751,Akop Szostak,14628
5499832,2024,4,794,Skolim,14268
1108254,2024,4,840,Piotr Gulczyński,13917
1232047,2024,4,846,Agnieszka Woźniak-Starak,13892
3796898,2024,4,855,Tomasz Wygoda,13808
1618786,2024,4,890,Wybory do Parlamentu Europejskiego w Polsce,13557
1610198,2024,4,902,Dane statystyczne o miastach w Polsce,13466
95621,2024,4,916,Zakład,13335
2865738,2024,4,979,Lista odcinków serialu Świat według Kiepskich,12863
715444,2024,5,11,Jacek Zieliński (muzyk),103346
5520510,2024,5,15,Fagata,94954
715440,2024,5,43,Andrzej Zieliński (wokalista),56936
5366251,2024,5,85,Gracjan Szadziński,44251
5283968,2024,5,152,Emil Czeczko,32665
3110896,2024,5,160,Aleksander Milwiw-Baron,31832
5499832,2024,5,228,Skolim,26354
4003120,2024,5,264,Mateusz Ziółko,24782
4182432,2024,5,288,Testament holograficzny,23727
4579545,2024,5,329,Jacek Jeschke,22295
3759751,2024,5,350,Tomasz Oświeciński,21876
4972433,2024,5,404,Lista odcinków programu Twoja twarz brzmi znajomo,20249
5544183,2024,5,440,Zofia Czekalska,19311
4566742,2024,5,446,Fame MMA,19210
2458161,2024,5,488,Jarosław Stróżyk,18366
3177440,2024,5,510,Hell’s Kitchen. Piekielna kuchnia,17899
2366013,2024,5,556,Poparzeni Kawą Trzy,17012
4750829,2024,5,633,Hotel Paradise,15972
805572,2024,5,651,Jarosław Sokołowski (gangster),15827
4082870,2024,5,660,Michał Kempa,15756
2916980,2024,5,758,Małgorzata Rozenek-Majdan,14702
1821038,2024,5,792,Józefina Pellegrini,14418
1742130,2024,5,800,Joanna Najfeld,14287
5637882,2024,5,836,Matylda (serial telewizyjny),13967
590580,2024,5,851,Just 5,13872
3388572,2024,5,863,Okręgi wyborcze do Parlamentu Europejskiego w Polsce,13781
4824632,2024,5,935,Michał Pasternak,13245
3843713,2024,5,960,Marlena Milwiw,13117
1085843,2024,5,989,Synkretyzm w literaturze,12921
556327,2024,6,35,Janusz Kondratowicz,76684
946346,2024,6,66,Halina Kiepska,51198
5359381,2024,6,113,Aleksander Rewiński,39318
304455,2024,6,143,Oddział Zamknięty,34501
856148,2024,6,199,Bogdan Łyszkiewicz,28818
5520510,2024,6,225,Fagata,27547
4598434,2024,6,341,Michał Zembala,22063
5499832,2024,6,387,Skolim,20431
255479,2024,6,429,Proletaryat,19474
2298150,2024,6,551,Arkadius,17017
2489584,2024,6,555,Ewa Woydyłło-Osiatyńska,16966
529962,2024,6,569,Krzysztof Jaryczewski,16815
5046043,2024,6,642,Sylwia Dekiert,15796
2865738,2024,6,703,Lista odcinków serialu Świat według Kiepskich,15015
3110896,2024,6,712,Aleksander Milwiw-Baron,14958
798059,2024,6,731,Waldemar Kiepski,14800
1059427,2024,6,743,Natalia Niemen,14693
2721090,2024,6,750,Fotorewolwer Brandla,14563
5366251,2024,6,755,Gracjan Szadziński,14487
5485869,2024,6,768,Kacperczyk,14313
5558089,2024,6,807,Zaginięcie Iwony Wieczorek,13964
877057,2024,6,891,Elżbieta Zapendowska,13105
3177440,2024,6,908,Hell’s Kitchen. Piekielna kuchnia,13009
3849212,2024,6,929,Sprawiedliwi – Wydział Kryminalny,12817
210385,2024,7,45,Przemysław Babiarz,63005
1302254,2024,7,54,Sprawa zabójstwa Krzysztofa Olewnika,54863
496180,2024,7,68,Danuta Holecka,50837
5499832,2024,7,118,Skolim,37519
5520510,2024,7,227,Fagata,26776
1864217,2024,7,286,Marcin Bisiorek,24195
661188,2024,7,309,Roman Frankl,23591
5558089,2024,7,353,Zaginięcie Iwony Wieczorek,21654
5484238,2024,7,523,Wojciech Gola,17703
1943859,2024,7,566,Ewa Ciepiela,17215
2304885,2024,7,590,Emerytura olimpijska,16761
2916980,2024,7,591,Małgorzata Rozenek-Majdan,16750
475168,2024,7,638,Numerariusz,16065
2302464,2024,7,659,Lista najstarszych ludzi w Polsce,15811
184419,2024,7,669,Tadeusz Sznuk,15703
4717269,2024,7,719,Oskar Stuhr,14888
4963905,2024,7,852,Emilia Sanecka,13723
2865738,2024,7,927,Lista odcinków serialu Świat według Kiepskich,13115
637000,2024,8,19,Krzysztof Banaszyk,124074
5499590,2024,8,27,Radosław Piesiewicz,106538
5499832,2024,8,71,Skolim,52650
5536076,2024,8,97,Michał Kuczmierowski,43285
649252,2024,8,175,Felicjan Andrzejczak,33593
1407765,2024,8,252,Polscy medaliści letnich igrzysk olimpijskich,27243
840038,2024,8,267,Leszek Kamiński,26374
2489584,2024,8,291,Ewa Woydyłło-Osiatyńska,25477
210385,2024,8,332,Przemysław Babiarz,23893
4800204,2024,8,383,Greg Duplantis,22085
529636,2024,8,393,Andrzej Dąbrowski (piosenkarz),21703
5520510,2024,8,416,Fagata,21255
3822039,2024,8,424,Jan Młynarski,21068
721375,2024,8,553,Wanda Kwietniewska,18278
2661877,2024,8,559,Mecze reprezentacji Polski w piłce siatkowej mężczyzn na igrzyskach olimpijskich,18146
4566742,2024,8,577,Fame MMA,17735
5089375,2024,8,602,Kasjusz Życiński,17332
873732,2024,8,603,Aldona Grochal,17297
1083519,2024,8,642,Małgorzata Sadowska (aktorka),16706
1444067,2024,8,657,Anna Tomaszewska,16464
1800218,2024,8,670,Vixen (raper),16288
5179615,2024,8,692,Katarzyna Sienkiewicz (wokalistka),16040
2916980,2024,8,710,Małgorzata Rozenek-Majdan,15814
2304885,2024,8,773,Emerytura olimpijska,15183
4750829,2024,8,790,Hotel Paradise,14949
519024,2024,8,835,Fokus,14626
3009190,2024,8,884,Marek Fornal,14218
2865738,2024,8,911,Lista odcinków serialu Świat według Kiepskich,13924
1232047,2024,8,915,Agnieszka Woźniak-Starak,13886
533872,2024,8,919,Iwo Pawłowski,13866
487413,2024,8,944,Maciej Dowbor,13644
2302464,2024,8,966,Lista najstarszych ludzi w Polsce,13461
2366013,2024,8,967,Poparzeni Kawą Trzy,13447
3110896,2024,8,991,Aleksander Milwiw-Baron,13281
649252,2024,9,4,Felicjan Andrzejczak,175420
5499832,2024,9,36,Skolim,56103
5732047,2024,9,61,Jacek Bazan,44715
4474676,2024,9,76,Stefan Czarnecki (bokser),39912
5571249,2024,9,93,Przemysław Klima,36982
147926,2024,9,96,Grand Press,36271
730857,2024,9,118,Aleksandra Kwaśniewska,32848
2717233,2024,9,146,Agnieszka Głowacka,30041
5236147,2024,9,151,Paweł Jumper,29776
2489584,2024,9,163,Ewa Woydyłło-Osiatyńska,28952
5592581,2024,9,166,Joanna Kopczyńska,28726
5382568,2024,9,206,Boxdel,25881
1775675,2024,9,207,Paweł Czarnecki,25874
5536076,2024,9,211,Michał Kuczmierowski,25554
2493978,2024,9,253,Powódź tysiąclecia w Kłodzku,23564
133658,2024,9,260,Krzysztof Materna,23384
4566742,2024,9,328,Fame MMA,20742
4750829,2024,9,341,Hotel Paradise,20366
86849,2024,9,352,Zbigniew Hołdys,20069
5520510,2024,9,356,Fagata,19971
2492517,2024,9,367,Małgorzata Żak,19806
3483475,2024,9,371,Powódź w Polsce,19733
1792149,2024,9,372,Zbiornik Topola,19685
590539,2024,9,383,Bartek Wrona,19489
5089375,2024,9,435,Kasjusz Życiński,18206
4373299,2024,9,498,WPolsce24,16892
3876500,2024,9,547,Nieboczowy (uroczysko),16181
3354318,2024,9,593,Sylwester Wardęga,15529
3155532,2024,9,594,Henryk T. Czarnecki,15528
5499590,2024,9,623,Radosław Piesiewicz,15116
590580,2024,9,629,Just 5,15023
109888,2024,9,640,Jarosław Kret,14915
4204040,2024,9,644,Państwowe Gospodarstwo Wodne Wody Polskie,14868
3110896,2024,9,651,Aleksander Milwiw-Baron,14698
1924944,2024,9,661,Rzeki we Wrocławiu,14584
4972433,2024,9,672,Lista odcinków programu Twoja twarz brzmi znajomo,14521
5581675,2024,9,680,Marek Boroń,14428
495625,2024,9,764,Tomasz Kammel,13715
3265240,2024,9,796,Zbiornik przeciwpowodziowy w Jarnołtówku,13427
5557209,2024,9,821,Przemysław Rosati,13192
4177187,2024,9,823,Jessica Mercedes Kirschner,13182
4669283,2024,9,829,Andrzej Bartkowiak (strażak),13152
177231,2024,9,855,Jacek Bończyk,12923
3741098,2024,9,880,Maria Bielińska-Czarnecka,12720
3849212,2024,9,911,Sprawiedliwi – Wydział Kryminalny,12531
2500309,2024,9,933,Lech Sołuba,12406
84442,2024,9,939,Cofka,12367
4617368,2024,9,959,Gabi Drzewiecka,12211
3829451,2024,9,985,Hanna Żudziewicz,12027
3657785,2024,10,19,Napad na filię Kredyt Banku przy ul. Żelaznej w Warszawie,86870
5499832,2024,10,84,Skolim,40326
2835026,2024,10,94,Jacek Dubois,38702
2717233,2024,10,109,Agnieszka Głowacka,36649
134786,2024,10,165,Dzień Edukacji Narodowej,30319
5004864,2024,10,171,Łukasz Mejza,30160
4750829,2024,10,184,Hotel Paradise,28953
5742600,2024,10,198,Budda (youtuber),28235
5732047,2024,10,230,Jacek Bazan,26197
2492517,2024,10,248,Małgorzata Żak,25072
5662658,2024,10,271,Modelki,24206
231240,2024,10,298,Jerzy Molga,22908
1476731,2024,10,313,Renata Aleksander,22234
730857,2024,10,342,Aleksandra Kwaśniewska,21247
5360763,2024,10,350,Piotr Mróz (aktor),21080
3311795,2024,10,358,Błażej Król,20899
2489584,2024,10,396,Ewa Woydyłło-Osiatyńska,19791
1115787,2024,10,399,Ryszard Bogucki,19756
3769192,2024,10,400,Piotr Sankowski,19731
5179615,2024,10,472,Katarzyna Sienkiewicz (wokalistka),18356
5571249,2024,10,473,Przemysław Klima,18336
3675526,2024,10,503,Janusz Koman,17655
5391004,2024,10,510,Dorota Rasińska-Samoćko,17526
4972433,2024,10,513,Lista odcinków programu Twoja twarz brzmi znajomo,17401
5571794,2024,10,572,Maria Ejchart,16536
2458161,2024,10,578,Jarosław Stróżyk,16423
6109524,2024,10,622,Dariusz Wieczorek,15766
3829451,2024,10,661,Hanna Żudziewicz,15163
649252,2024,10,691,Felicjan Andrzejczak,14909
5520510,2024,10,727,Fagata,14420
1059427,2024,10,756,Natalia Niemen,14201
3759751,2024,10,760,Tomasz Oświeciński,14188
96935,2024,10,802,Roman Kluska,13713
2528082,2024,10,853,Dorota Szelągowska,13302
4579545,2024,10,875,Jacek Jeschke,13089
2298150,2024,10,934,Arkadius,12633
3110896,2024,10,941,Aleksander Milwiw-Baron,12589
3108052,2024,10,968,Joanna Przetakiewicz,12484
5569558,2024,11,188,Listy do M. (seria),31439
3657785,2024,11,195,Napad na filię Kredyt Banku przy ul. Żelaznej w Warszawie,31248
5499832,2024,11,237,Skolim,28082
4048986,2024,11,241,Chobielin-Dwór,27798
730857,2024,11,247,Aleksandra Kwaśniewska,27421
3110896,2024,11,277,Aleksander Milwiw-Baron,26205
5264609,2024,11,279,Witold Skrzydlewski,26117
1683381,2024,11,363,Lech Wilczek,23059
5504424,2024,11,400,Zabójstwo dokonane przez Kajetana Poznańskiego,21789
1775675,2024,11,436,Paweł Czarnecki,20866
5179615,2024,11,493,Katarzyna Sienkiewicz (wokalistka),19577
2717233,2024,11,519,Agnieszka Głowacka,18972
5320006,2024,11,534,Igo (piosenkarz),18702
3849212,2024,11,550,Sprawiedliwi – Wydział Kryminalny,18479
5571249,2024,11,574,Przemysław Klima,18008
90690,2024,11,583,Wojciech Mann,17833
1476731,2024,11,602,Renata Aleksander,17518
649252,2024,11,697,Felicjan Andrzejczak,16427
4750829,2024,11,736,Hotel Paradise,16013
5241916,2024,11,794,Jacek Sienkiewicz (wokalista),15285
1760837,2024,11,815,Chada,15096
5520510,2024,11,866,Fagata,14591
5270320,2024,11,905,Żurnalista,14212
2640902,2024,11,951,Lista i wyniki gal Konfrontacji Sztuk Walki,13850
2489584,2024,11,956,Ewa Woydyłło-Osiatyńska,13802
475168,2024,12,39,Numerariusz,64152
5499832,2024,12,41,Skolim,63134
2399718,2024,12,43,Piotr Pogonowski,61987
6109524,2024,12,47,Dariusz Wieczorek,58628
228398,2024,12,170,Zbigniew Korpolewski,30885
5569558,2024,12,184,Listy do M. (seria),30457
4637638,2024,12,299,Ryszard Balicki,24612
4281019,2024,12,350,Sylwester Marciniak,22785
3754675,2024,12,421,Stanisław Karpiel-Bułecka,20606
396070,2024,12,462,Papa Dance,19699
1550465,2024,12,493,Kolędy polskie,18968
3110896,2024,12,498,Aleksander Milwiw-Baron,18879
818689,2024,12,506,Mariusz Ziomecki,18805
4701184,2024,12,512,Konrad Składowski,18609
5004864,2024,12,514,Łukasz Mejza,18578
594670,2024,12,518,Andrzej Rosiewicz,18453
4324866,2024,12,567,Henryk Zatyka,17683
5734178,2024,12,596,Zalia,17137
3759751,2024,12,597,Tomasz Oświeciński,17134
3311795,2024,12,645,Błażej Król,16609
2489584,2024,12,662,Ewa Woydyłło-Osiatyńska,16505
5500709,2024,12,699,Wersow,16032
5794371,2024,12,733,Mirosław Kurkowski,15650
2451313,2024,12,799,Rozmowy przy wycinaniu lasu,15105
5520510,2024,12,802,Fagata,15080
730857,2024,12,832,Aleksandra Kwaśniewska,14782
4750829,2024,12,838,Hotel Paradise,14726
3740467,2024,12,879,Sałatka gyros,14429
5439745,2024,12,899,Justyna Dobrosz-Oracz,14305
5575905,2024,12,984,Mateusz Socha,13499
352558,2025,1,49,Eugeniusz Olejarczyk,65154
4323532,2025,1,55,Wzgórze psów,61596
496307,2025,1,91,Maria Wiernikowska,46883
5499832,2025,1,107,Skolim,44017
5804422,2025,1,126,Lady Love,41863
3481676,2025,1,157,Radzimir Dębski,37766
5520510,2025,1,238,Fagata,30741
5767443,2025,1,371,Plebiscyt Przeglądu Sportowego 2024,24318
3759751,2025,1,434,Tomasz Oświeciński,22562
4338173,2025,1,467,Witek Muzyk Ulicy,21743
786093,2025,1,519,Paulina Smaszcz,20310
90690,2025,1,523,Wojciech Mann,20268
5263515,2025,1,554,Robert Dobrzycki,19700
2169360,2025,1,665,Grażyna Bułka,17958
1630116,2025,1,673,Bogdan Augustyn,17846
4750829,2025,1,767,Hotel Paradise,16534
3040304,2025,1,781,Słoń (raper),16434
4829018,2025,1,795,Aleksander Makowski,16222
5796376,2025,1,830,Agnieszka Dziekan,15878
4373299,2025,1,844,WPolsce24,15781
93310,2025,1,846,Numery kierunkowe w Polsce,15770
5004864,2025,1,847,Łukasz Mejza,15762
4890977,2025,1,848,Filip Gurłacz,15757
3130955,2025,1,891,Arleta Bojke,15372
3153819,2025,1,898,Jaśmina Polak,15329
1039763,2025,1,913,Edward Miszczak,15181
2302464,2025,1,934,Lista najstarszych ludzi w Polsce,14961
148779,2025,1,939,Maciej Kurzajewski,14889
594670,2025,1,975,Andrzej Rosiewicz,14630
5585382,2025,2,26,Agnieszka Kwiatkowska-Gurdak,67776
2255420,2025,2,42,Litworowy Kocioł (Tatry Zachodnie),58851
786093,2025,2,50,Paulina Smaszcz,50775
1683381,2025,2,53,Lech Wilczek,50092
4364660,2025,2,124,Błażej Spychalski,34313
3956457,2025,2,132,Halina Paszkowska-Turska,32911
148779,2025,2,200,Maciej Kurzajewski,27997
661507,2025,2,205,Grażyna Łobaszewska,27305
5801713,2025,2,270,Teo Tomczuk,23493
5499832,2025,2,351,Skolim,20612
3959674,2025,2,384,Evviva l’arte!,19664
3113039,2025,2,390,Zdobywcy Pewnych Oskarów,19525
564937,2025,2,440,Diabeł morski,18425
5593572,2025,2,480,Urszula Demkow,17492
867442,2025,2,505,Bartosz Porczyk,17032
3760507,2025,2,579,Dariusz Łukowski,15994
93310,2025,2,603,Numery kierunkowe w Polsce,15691
4750829,2025,2,611,Hotel Paradise,15551
165644,2025,2,618,Marcin Wójcik (artysta kabaretowy),15330
90690,2025,2,655,Wojciech Mann,14847
877057,2025,2,696,Elżbieta Zapendowska,14439
4890977,2025,2,723,Filip Gurłacz,14208
2528082,2025,2,729,Dorota Szelągowska,14157
5796376,2025,2,749,Agnieszka Dziekan,14026
5804422,2025,2,750,Lady Love,14017
1217329,2025,2,751,Wojciech Czuchnowski,14004
2065902,2025,2,816,Sławomir Żarski,13355
1926939,2025,2,821,Leon Komornicki,13323
5120188,2025,2,822,Karolina Gilon,13312
5536076,2025,2,843,Michał Kuczmierowski,13139
2302464,2025,2,871,Lista najstarszych ludzi w Polsce,12988
4716193,2025,2,887,Nicole Sochacki-Wójcicka,12853
2489584,2025,2,893,Ewa Woydyłło-Osiatyńska,12836
6007112,2025,2,930,Chłopiec w pasiastej piżamie,12565
5185921,2025,2,980,Alberto (raper),12287
4890977,2025,3,6,Filip Gurłacz,173977
6011764,2025,3,13,Ewa Wrzosek,127049
2062376,2025,3,17,Miuosh,101551
786093,2025,3,27,Paulina Smaszcz,80055
2829833,2025,3,34,Adrianna Borek,76785
3110896,2025,3,60,Aleksander Milwiw-Baron,59937
5523843,2025,3,74,Magdalena Narożna,53629
148779,2025,3,90,Maciej Kurzajewski,48193
3597832,2025,3,92,Zbigniew Maj,47432
4427892,2025,3,120,Tomasz Wolny,39910
867442,2025,3,128,Bartosz Porczyk,38350
5468200,2025,3,133,Mieczysław Mentzen,37297
3959674,2025,3,191,Evviva l’arte!,30963
1683381,2025,3,194,Lech Wilczek,30686
4055102,2025,3,199,Adam Kornacki,30364
3629594,2025,3,233,Ryszard Majdzik,27621
4265189,2025,3,267,Daniel Przastek,25555
3796898,2025,3,301,Tomasz Wygoda,23654
836662,2025,3,311,Marcin Wrona (dziennikarz),23140
4750829,2025,3,334,Hotel Paradise,22425
4534185,2025,3,345,Maciej Taborowski,22198
5263515,2025,3,430,Robert Dobrzycki,20122
495996,2025,3,443,Iwona Pavlović,19826
2835026,2025,3,444,Jacek Dubois,19797
5573890,2025,3,456,Genzie,19682
2604380,2025,3,470,Tabela wszech czasów polskiej I ligi w piłce nożnej,19343
5573487,2025,3,480,Lexy Chaplin,19157
4579545,2025,3,491,Jacek Jeschke,18996
4877130,2025,3,506,Sonia Mietielica,18787
5799546,2025,3,528,U Pana Boga w Królowym Moście,18389
1760837,2025,3,545,Chada,18050
5649686,2025,3,546,MasterChef Nastolatki,18048
5439745,2025,3,612,Justyna Dobrosz-Oracz,16945
1034284,2025,3,650,Rafał Maserak,16309
3772785,2025,3,663,Srebrna (przedsiębiorstwo),16096
3314730,2025,3,667,Jan Kliment (tancerz),16037
5187551,2025,3,690,Olga Łasak,15779
5446685,2025,3,697,Urszula Chincz,15697
2955918,2025,3,733,Dorota Kania,15206
93310,2025,3,736,Numery kierunkowe w Polsce,15162
4927921,2025,3,739,Grzegorz i Rafał Collins,15146
5499832,2025,3,766,Skolim,14922
4140823,2025,3,809,Sprawa śmierci Ewy Tylman,14499
3971571,2025,3,852,Jan Śpiewak (działacz społeczny),14026
1022111,2025,3,869,Marcin Hakiel,13872
165644,2025,3,872,Marcin Wójcik (artysta kabaretowy),13855
245426,2025,3,896,Łukasz Turski,13646
805572,2025,3,903,Jarosław Sokołowski (gangster),13581
1610198,2025,3,908,Dane statystyczne o miastach w Polsce,13518
4540908,2025,3,986,Total Casino,12996
2829833,2025,4,31,Adrianna Borek,98946
4890977,2025,4,44,Filip Gurłacz,74367
205601,2025,4,71,Dorota Wysocka-Schnepf,49177
4010433,2025,4,75,Monika Braun,47858
2062376,2025,4,101,Miuosh,41301
4449716,2025,4,239,Wojciech Zygmunt,25505
3959674,2025,4,262,Evviva l’arte!,24368
5590670,2025,4,271,Magda Butrym,23749
5468200,2025,4,291,Mieczysław Mentzen,22796
5855951,2025,4,294,Teresa Trzaskowska,22724
2213484,2025,4,375,Atak na biuro poselskie Prawa i Sprawiedliwości w Łodzi,19666
1614392,2025,4,429,Browary Regionalne Jakubiak,18322
5571794,2025,4,438,Maria Ejchart,18144
3118202,2025,4,503,CW 24tv,16995
4750829,2025,4,510,Hotel Paradise,16883
786093,2025,4,523,Paulina Smaszcz,16646
3130955,2025,4,531,Arleta Bojke,16484
4151482,2025,4,534,Mirosław Minkina (profesor),16449
4427892,2025,4,539,Tomasz Wolny,16342
664234,2025,4,578,Katarzyna Gärtner,15845
2034336,2025,4,585,Tomasz Lech,15785
3565368,2025,4,614,Marek Rosiak (1948–2010),15319
2489584,2025,4,650,Ewa Woydyłło-Osiatyńska,14899
495996,2025,4,651,Iwona Pavlović,14896
5179615,2025,4,688,Katarzyna Sienkiewicz (wokalistka),14415
805572,2025,4,690,Jarosław Sokołowski (gangster),14380
93310,2025,4,693,Numery kierunkowe w Polsce,14366
86849,2025,4,752,Zbigniew Hołdys,13680
4877130,2025,4,772,Sonia Mietielica,13538
4579545,2025,4,818,Jacek Jeschke,13159
4297031,2025,4,819,Andrzej Grzebyk,13145
4899346,2025,4,826,Agnieszka Gozdyra,13088
1232047,2025,4,854,Agnieszka Woźniak-Starak,12840
4540908,2025,4,879,Total Casino,12682
3649907,2025,4,887,Maksymilian Sznepf,12642
1289330,2025,4,919,Jerzy Kalibabka,12417
783009,2025,4,920,Andrzej Banasiak,12411
5523843,2025,4,931,Magdalena Narożna,12324
5592558,2025,4,932,Andrzej Pecka,12321
4617368,2025,4,937,Gabi Drzewiecka,12271
205601,2025,5,15,Dorota Wysocka-Schnepf,251701
3649907,2025,5,17,Maksymilian Sznepf,229332
468386,2025,5,27,Joka,167976
4890977,2025,5,39,Filip Gurłacz,108128
5855951,2025,5,61,Teresa Trzaskowska,71156
2829833,2025,5,64,Adrianna Borek,68128
5504424,2025,5,118,Zabójstwo dokonane przez Kajetana Poznańskiego,43974
4579545,2025,5,120,Jacek Jeschke,43567
4010433,2025,5,128,Monika Braun,41628
3479247,2025,5,138,Maciej Zaborowski,39792
3656332,2025,5,155,Alicja Schnepf,35779
5468200,2025,5,189,Mieczysław Mentzen,31456
5492027,2025,5,200,Mateusz Murański,30529
140290,2025,5,231,Bogdan Rymanowski,28505
1658238,2025,5,272,Piotr Ferster,25891
2062376,2025,5,319,Miuosh,23162
4710108,2025,5,322,Wybory prezydenckie w Polsce w 2020 roku (pierwsze),23070
864079,2025,5,325,Steczkowscy,22736
3829451,2025,5,366,Hanna Żudziewicz,20838
2489584,2025,5,379,Ewa Woydyłło-Osiatyńska,20324
4750829,2025,5,439,Hotel Paradise,18573
5423415,2025,5,454,Murański,18069
4881498,2025,5,456,Radomir Wit,18041
2829070,2025,5,460,Elżbieta Tarkowska,17979
3130955,2025,5,462,Arleta Bojke,17900
5736085,2025,5,471,Tomasz Sygut,17735
677661,2025,5,472,Barbara i Jan,17721
1760837,2025,5,473,Chada,17701
3150817,2025,5,479,Paweł Fortuna,17538
4265454,2025,5,495,Emil Stępień,17311
3843713,2025,5,521,Marlena Milwiw,16864
5439745,2025,5,535,Justyna Dobrosz-Oracz,16538
1666334,2025,5,536,Bronisław Trzaskowski,16537
109986,2025,5,552,Bogusław Nizieński,16335
4899346,2025,5,585,Agnieszka Gozdyra,15827
730857,2025,5,604,Aleksandra Kwaśniewska,15435
5843155,2025,5,665,The Traitors. Zdrajcy,14828
5082420,2025,5,690,Piotr Witwicki,14570
3110896,2025,5,699,Aleksander Milwiw-Baron,14486
294301,2025,5,712,Sebastian Krajewski,14303
4427892,2025,5,714,Tomasz Wolny,14291
162858,2025,5,745,Totart,13921
4540908,2025,5,840,Total Casino,13129
5648308,2025,5,865,Zofia Reklewska-Braun,12908
5540970,2025,5,882,Przemysław Witek (polityk),12743
1059427,2025,5,903,Natalia Niemen,12523
4865322,2025,5,912,Stanisław Trzaskowski,12455
5499832,2025,5,915,Skolim,12447
3118202,2025,5,934,CW 24tv,12228
5717707,2025,5,937,Danuta Rucińska,12184
5410792,2025,5,987,Alaksiej Nasiewicz,11897
5884436,2025,6,91,Jakub Nowak (siatkarz),42308
654858,2025,6,154,Redan (przedsiębiorstwo),30867
5855951,2025,6,156,Teresa Trzaskowska,30713
205126,2025,6,210,Marcin Jabłoński (polityk),25257
5245648,2025,6,223,Top Secret (przedsiębiorstwo),24469
5410792,2025,6,232,Alaksiej Nasiewicz,23784
4575300,2025,6,237,Robert Żarczyński,23635
4540908,2025,6,255,Total Casino,22867
1445213,2025,6,258,Aleksandra Kisielewska,22786
5499832,2025,6,261,Skolim,22694
3130955,2025,6,275,Arleta Bojke,22113
1658238,2025,6,310,Piotr Ferster,20546
2994745,2025,6,395,Marcin Januszkiewicz,18191
3822039,2025,6,398,Jan Młynarski,18166
4281019,2025,6,400,Sylwester Marciniak,18150
3588608,2025,6,403,Ernest Bejda,18025
140290,2025,6,404,Bogdan Rymanowski,18012
205601,2025,6,476,Dorota Wysocka-Schnepf,16249
2013249,2025,6,486,Sławek Uniatowski,16017
4598434,2025,6,493,Michał Zembala,15813
5342726,2025,6,498,Stanisław Trzciński (kulturoznawca),15661
3649907,2025,6,506,Maksymilian Sznepf,15552
5694839,2025,6,511,Maja Klajda,15531
5176396,2025,6,524,Michał Gierżot,15418
4010433,2025,6,570,Monika Braun,14642
426949,2025,6,589,Noc teczek,14383
593174,2025,6,613,Agnieszka Fatyga,13987
3733133,2025,6,615,Marcin Matczak,13970
1302254,2025,6,619,Sprawa zabójstwa Krzysztofa Olewnika,13876
4779888,2025,6,653,Mateusz Parzymięso,13444
2400037,2025,6,724,Radosław Markowski,12800
5557209,2025,6,733,Przemysław Rosati,12683
5020339,2025,6,752,Adrian Klarenbach,12430
576498,2025,6,764,Wirówka wzbogacająca,12347
3481676,2025,6,779,Radzimir Dębski,12194
730857,2025,6,789,Aleksandra Kwaśniewska,12076
649252,2025,6,804,Felicjan Andrzejczak,11964
5540832,2025,6,817,Sejm Rzeczypospolitej Polskiej X kadencji,11837
4710759,2025,6,823,Estakada w Chorzowie,11789
5902852,2025,6,824,Aniela (serial telewizyjny),11780
430746,2025,6,845,Robert Chojnacki,11559
2489584,2025,6,877,Ewa Woydyłło-Osiatyńska,11365
2916980,2025,6,934,Małgorzata Rozenek-Majdan,11043
4505245,2025,6,971,Władysław Teofil Bartoszewski,10823
805572,2025,6,975,Jarosław Sokołowski (gangster),10815
468386,2025,6,977,Joka,10803
2613316,2025,7,33,Bas Tajpan,68206
116641,2025,7,41,Kabaret Potem,61442
4019395,2025,7,47,Jolanta Lange,59965
5884436,2025,7,76,Jakub Nowak (siatkarz),43354
3649907,2025,7,83,Maksymilian Sznepf,40397
4055102,2025,7,99,Adam Kornacki,36281
5499832,2025,7,128,Skolim,30700
5344180,2025,7,132,Maciej Świrski,30236
249721,2025,7,133,Tomasz Majer,30130
5217083,2025,7,150,Patryk Mikiciuk,28336
245847,2025,7,153,Spadkobiercy (program telewizyjny),27944
2734584,2025,7,176,Przemysław Dębiak,26368
5343836,2025,7,186,Agnieszka Glapiak,25591
3096738,2025,7,193,Łukasz Pietsch,25161
247078,2025,7,206,Adam Pernal,24364
5585332,2025,7,299,Primo voto,20273
629845,2025,7,300,Krzysztof Szubzda,20254
654858,2025,7,306,Redan (przedsiębiorstwo),20000
2049782,2025,7,352,Mirosław Michalski,18846
246725,2025,7,373,Leszek Jenek,18298
5558089,2025,7,400,Zaginięcie Iwony Wieczorek,17678
5245648,2025,7,417,Top Secret (przedsiębiorstwo),17361
205601,2025,7,419,Dorota Wysocka-Schnepf,17314
3481676,2025,7,431,Radzimir Dębski,17130
4355819,2025,7,439,Maria Szczepaniec,17028
1818638,2025,7,451,Ryszard Olesiński (muzyk),16797
247049,2025,7,472,Mirosław Gancarz,16347
783009,2025,7,490,Andrzej Banasiak,16030
1422523,2025,7,538,Tomasz Tomaszewski (aktor),14996
5263515,2025,7,580,Robert Dobrzycki,14335
4010433,2025,7,626,Monika Braun,13705
4352135,2025,7,630,Mirosław Bryś,13650
2342455,2025,7,645,Marcin Majewski,13427
2489584,2025,7,648,Ewa Woydyłło-Osiatyńska,13397
5662658,2025,7,656,Modelki,13291
5520510,2025,7,687,Fagata,13044
5505234,2025,7,747,Rafał Zapała,12507
5120188,2025,7,755,Karolina Gilon,12466
805572,2025,7,768,Jarosław Sokołowski (gangster),12345
5179615,2025,7,831,Katarzyna Sienkiewicz (wokalistka),11804
5453274,2025,7,883,Arkadiusz Muś,11374
593174,2025,7,937,Agnieszka Fatyga,10992
557539,2025,7,950,Tomasz Zimoch,10907
86849,2025,7,954,Zbigniew Hołdys,10882
5557209,2025,7,972,Przemysław Rosati,10773
5131446,2025,7,976,Andrzej Kowalski (generał),10750
4897229,2025,7,983,Parafia Najświętszego Serca Pana Jezusa w Przypkach,10728
5948397,2025,8,34,Maciej Krakowian,56330
5884436,2025,8,45,Jakub Nowak (siatkarz),48809
3649907,2025,8,100,Maksymilian Sznepf,32539
5499832,2025,8,113,Skolim,30624
783009,2025,8,133,Andrzej Banasiak,28672
304455,2025,8,182,Oddział Zamknięty,25698
1877237,2025,8,193,Katastrofa lotnicza na Radom Air Show 2009,25256
5732047,2025,8,206,Jacek Bazan,24363
1678496,2025,8,222,Tomasz Jarosz,23609
5887268,2025,8,264,Ewa Weber,22078
5439745,2025,8,312,Justyna Dobrosz-Oracz,20511
5719999,2025,8,379,Krucjata (serial telewizyjny),18766
5344327,2025,8,426,Jarosław Wąsowicz,17667
562287,2025,8,449,Elżbieta Śmiarowska,17159
3180614,2025,8,453,Grzegorz Dobiecki,17079
829115,2025,8,468,Raport Macierewicza,16827
4918245,2025,8,476,Dominik Chmielewski,16727
1306194,2025,8,489,Zygmunt Babiak,16572
3754675,2025,8,507,Stanisław Karpiel-Bułecka,16300
2489584,2025,8,535,Ewa Woydyłło-Osiatyńska,15945
5734178,2025,8,550,Zalia,15762
205601,2025,8,613,Dorota Wysocka-Schnepf,14957
1289330,2025,8,618,Jerzy Kalibabka,14901
565959,2025,8,636,Dominika Gawęda,14726
112497,2025,8,641,Rada Gabinetowa,14692
1443036,2025,8,656,Natalia Grosiak,14492
5627689,2025,8,662,Robert Stockinger,14419
4560733,2025,8,691,Łukasz Drapała,14132
1326974,2025,8,697,Mieczysław Banasik,14105
5855951,2025,8,709,Teresa Trzaskowska,13969
5669348,2025,8,716,Krajowy Plan Odbudowy,13872
3086807,2025,8,773,Joanna Lazer,13338
5662658,2025,8,863,Modelki,12616
128673,2025,8,876,Robert Friedrich,12574
529962,2025,8,886,Krzysztof Jaryczewski,12530
1760837,2025,8,889,Chada,12487
3130955,2025,8,920,Arleta Bojke,12263
5137767,2025,8,930,Wrocław: Libacja na skwerku,12227
3072851,2025,8,942,F-16 w Siłach Powietrznych,12133
5558089,2025,8,947,Zaginięcie Iwony Wieczorek,12102
5500709,2025,8,950,Wersow,12089
805572,2025,8,971,Jarosław Sokołowski (gangster),11978
663003,2025,9,1,Katarzyna Stoparczyk,653121
3649907,2025,9,6,Maksymilian Sznepf,155369
259254,2025,9,24,Piotr Andrzejewski,87615
205601,2025,9,36,Dorota Wysocka-Schnepf,71730
2830494,2025,9,55,Katarzyna Butowtt,57794
4264325,2025,9,65,Mariusz Haładyj,53905
5499832,2025,9,89,Skolim,43466
5948397,2025,9,103,Maciej Krakowian,41088
330904,2025,9,140,Jolanta Pieńkowska,33650
2000022,2025,9,142,Bożena Batycka,33125
1231427,2025,9,171,Anna Głogowska,29709
4988722,2025,9,188,Kamil Studnicki,28544
495996,2025,9,220,Iwona Pavlović,26713
1034284,2025,9,309,Rafał Maserak,22290
4019395,2025,9,327,Jolanta Lange,21451
5240076,2025,9,329,Maciej Klisz,21183
5890711,2025,9,333,The Floor,21078
5360763,2025,9,347,Piotr Mróz (aktor),20639
2528082,2025,9,385,Dorota Szelągowska,19455
4750829,2025,9,389,Hotel Paradise,19254
3656332,2025,9,393,Alicja Schnepf,19111
4972433,2025,9,462,Lista odcinków programu Twoja twarz brzmi znajomo,17577
525804,2025,9,480,Jacek Bursztynowicz,17018
3130955,2025,9,568,Arleta Bojke,15615
4465928,2025,9,575,Jakub Wons,15521
4918245,2025,9,602,Dominik Chmielewski,15136
5457551,2025,9,615,Tomasz Butowtt,14983
268648,2025,9,634,Idź na całość,14663
730857,2025,9,688,Aleksandra Kwaśniewska,14176
5955395,2025,9,696,Mistrzostwa Świata w Piłce Siatkowej Mężczyzn 2025 (składy),13988
2153196,2025,9,716,Krzysztof Hulboj,13789
5585063,2025,9,722,Michał Balicki,13680
2835026,2025,9,735,Jacek Dubois,13599
5557209,2025,9,737,Przemysław Rosati,13586
1524920,2025,9,817,Rinke Rooyens,12739
603658,2025,9,871,Paweł Galia,12366
565959,2025,9,874,Dominika Gawęda,12339
2489584,2025,9,896,Ewa Woydyłło-Osiatyńska,12216
4908824,2025,9,911,Władysław Grochowski,12116
3796898,2025,9,916,Tomasz Wygoda,12092
702884,2025,9,928,XIII Księga Pana Tadeusza,12013
3710361,2025,9,942,Kamila Kajak,11897
2000063,2025,9,943,Batycki,11896
5970023,2025,10,15,Yehuda Prokopowicz,85212
5004864,2025,10,30,Łukasz Mejza,68843
2830494,2025,10,51,Katarzyna Butowtt,52787
4398059,2025,10,56,Ludomir Handzel,51475
5499832,2025,10,66,Skolim,49139
5500709,2025,10,79,Wersow,41909
148779,2025,10,82,Maciej Kurzajewski,41738
5260104,2025,10,89,Friz,39987
4245000,2025,10,138,Bartłomiej Kotschedoff,32443
5705222,2025,10,157,Eliza Kącka,30021
525804,2025,10,167,Jacek Bursztynowicz,29435
3796898,2025,10,191,Tomasz Wygoda,27283
5564121,2025,10,209,Pola Gonciarz,26075
4750829,2025,10,215,Hotel Paradise,25454
504193,2025,10,228,Glina (serial telewizyjny),24685
205601,2025,10,234,Dorota Wysocka-Schnepf,24246
5102544,2025,10,246,Eryk Kulm (muzyk),23553
4010433,2025,10,288,Monika Braun,21993
184419,2025,10,290,Tadeusz Sznuk,21962
292151,2025,10,297,Łaska uświęcająca,21763
5270320,2025,10,302,Żurnalista,21615
4988722,2025,10,303,Kamil Studnicki,21605
5656,2025,10,312,Spowiedź,21380
786093,2025,10,326,Paulina Smaszcz,20871
1587858,2025,10,333,Cwel,20744
4972433,2025,10,354,Lista odcinków programu Twoja twarz brzmi znajomo,20079
5959144,2025,10,356,Natalia Muianga,20017
5759235,2025,10,365,Joanna Ławrynowicz-Just,19792
1118760,2025,10,405,Paulina Andrzejewska,18803
134786,2025,10,410,Dzień Edukacji Narodowej,18721
5890711,2025,10,413,The Floor,18675
1034284,2025,10,432,Rafał Maserak,18319
2153196,2025,10,437,Krzysztof Hulboj,18176
1022111,2025,10,501,Marcin Hakiel,17206
2916980,2025,10,592,Małgorzata Rozenek-Majdan,15761
2600994,2025,10,597,Janusz Ekiert,15737
2489584,2025,10,608,Ewa Woydyłło-Osiatyńska,15667
495996,2025,10,663,Iwona Pavlović,15090
3649907,2025,10,668,Maksymilian Sznepf,15037
3110896,2025,10,681,Aleksander Milwiw-Baron,14904
5520510,2025,10,715,Fagata,14438
5955556,2025,10,731,Drelich (serial telewizyjny),14297
5734178,2025,10,764,Zalia,13982
3473123,2025,10,798,Adrian Kosowski,13556
5945256,2025,10,830,Scheda (polski serial telewizyjny),13255
4293185,2025,10,855,Jakub Wiech,13133
5875869,2025,10,899,Szpital św. Anny,12787
4598434,2025,10,904,Michał Zembala,12720
5327082,2025,10,910,Andrzej Mrożewski,12664
1231427,2025,10,911,Anna Głogowska,12662
2665958,2025,10,914,Bracia Figo Fagot,12641
5051743,2025,10,940,Ekipa Friza,12464
1059427,2025,10,944,Natalia Niemen,12448
2302464,2025,10,960,Lista najstarszych ludzi w Polsce,12347
5457551,2025,10,963,Tomasz Butowtt,12334
766183,2025,10,980,Browar Namysłów,12224
106458,2025,11,2,Andrzej Ułasiewicz,544465
630492,2025,11,16,Euroafrica Linie Żeglugowe,131390
5976628,2025,11,22,Mikołaj Bagiński (przedsiębiorca),102898
210385,2025,11,33,Przemysław Babiarz,74279
4465928,2025,11,85,Jakub Wons,41308
5959144,2025,11,106,Natalia Muianga,38794
2528082,2025,11,160,Dorota Szelągowska,30252
2153196,2025,11,171,Krzysztof Hulboj,28933
5499832,2025,11,186,Skolim,28257
467417,2025,11,206,Furta (statek wodny),27022
495996,2025,11,222,Iwona Pavlović,25739
730857,2025,11,239,Aleksandra Kwaśniewska,25180
140290,2025,11,248,Bogdan Rymanowski,24774
3796898,2025,11,265,Tomasz Wygoda,23869
1217329,2025,11,361,Wojciech Czuchnowski,19906
5983017,2025,11,424,Czarna śmierć (serial telewizyjny),18531
1587858,2025,11,467,Cwel,17795
1118760,2025,11,485,Paulina Andrzejewska,17619
468386,2025,11,492,Joka,17501
5530886,2025,11,510,Mini Majk,17173
184419,2025,11,535,Tadeusz Sznuk,16686
2916980,2025,11,536,Małgorzata Rozenek-Majdan,16682
5734178,2025,11,548,Zalia,16395
5875869,2025,11,554,Szpital św. Anny,16314
1034284,2025,11,577,Rafał Maserak,15949
5890711,2025,11,599,The Floor,15624
5571249,2025,11,621,Przemysław Klima,15350
3130955,2025,11,641,Arleta Bojke,14994
504193,2025,11,676,Glina (serial telewizyjny),14628
1115787,2025,11,731,Ryszard Bogucki,14048
782327,2025,11,745,Jerzy Derfel,13944
5042291,2025,11,751,Agnieszka Burzyńska,13851
4245000,2025,11,791,Bartłomiej Kotschedoff,13533
94757,2025,11,814,MS Busko Zdrój,13347
1634194,2025,11,843,Krystyna Mazurówna,13106
148779,2025,11,847,Maciej Kurzajewski,13077
2830494,2025,11,876,Katarzyna Butowtt,12927
454960,2025,11,884,Jacek Janczarski,12886
5564121,2025,11,889,Pola Gonciarz,12867
4283844,2025,11,903,Lejb Fogelman,12741
4602060,2025,11,916,Alicja Surowiec,12654
3849212,2025,11,926,Sprawiedliwi – Wydział Kryminalny,12604
188801,2025,11,960,Roman Czejarek,12469
5283968,2025,11,972,Emil Czeczko,12378
3733133,2025,11,976,Marcin Matczak,12343
5499832,2025,12,30,Skolim,65726
106458,2025,12,41,Andrzej Ułasiewicz,54962
496728,2025,12,54,Bogdan Kacmajor,47005
2061917,2025,12,56,Bogdan Trojanek,46350
3481676,2025,12,88,Radzimir Dębski,37800
5996993,2025,12,99,Leszek Gierszewski,35496
2528082,2025,12,132,Dorota Szelągowska,30223
1199967,2025,12,162,Klementyna Umer,27930
730857,2025,12,211,Aleksandra Kwaśniewska,24674
5982495,2025,12,237,Niebo. Rok w piekle,23581
1663423,2025,12,241,Stanisław Cejrowski,23517
1254003,2025,12,269,Krzysztof Logan Tomaszewski,22500
5734178,2025,12,279,Zalia,22089
1108254,2025,12,280,Piotr Gulczyński,22065
3799780,2025,12,286,Mariusz Jędrzejko,21884
1587858,2025,12,340,Cwel,19906
5799546,2025,12,357,U Pana Boga w Królowym Moście,19334
2830494,2025,12,402,Katarzyna Butowtt,18261
3754675,2025,12,403,Stanisław Karpiel-Bułecka,18248
593174,2025,12,445,Agnieszka Fatyga,17563
5662658,2025,12,456,Modelki,17325
5627689,2025,12,479,Robert Stockinger,16879
3130955,2025,12,498,Arleta Bojke,16453
4040416,2025,12,504,Patryk Słowik,16394
1742130,2025,12,528,Joanna Najfeld,15926
5270320,2025,12,541,Żurnalista,15762
4864934,2025,12,576,Zbrodnia w Rakowiskach,15284
1550465,2025,12,631,Kolędy polskie,14799
5569558,2025,12,643,Listy do M. (seria),14733
1115787,2025,12,710,Ryszard Bogucki,13894
830821,2025,12,748,Andrzej Nardelli,13585
1373254,2025,12,764,Paweł Golec,13472
630492,2025,12,776,Euroafrica Linie Żeglugowe,13314
4465928,2025,12,777,Jakub Wons,13300
5990867,2025,12,788,Bolesław Hutyra,13206
1422523,2025,12,808,Tomasz Tomaszewski (aktor),13095
5263515,2025,12,880,Robert Dobrzycki,12443
3733133,2025,12,881,Marcin Matczak,12439
5861486,2025,12,891,Aleksandra Grabowska (aktorka),12345
4296170,2025,12,919,Konrad Raczkowski,12109
6005380,2025,12,947,Livka (piosenkarka),11930
3108052,2025,12,972,Joanna Przetakiewicz,11815
5485869,2025,12,981,Kacperczyk,11734
1115787,2026,1,5,Ryszard Bogucki,195930
496728,2026,1,6,Bogdan Kacmajor,188580
5499832,2026,1,16,Skolim,94921
5982495,2026,1,21,Niebo. Rok w piekle,90290
1678053,2026,1,68,Elżbieta Dziech,43698
5799546,2026,1,104,U Pana Boga w Królowym Moście,34849
5558089,2026,1,128,Zaginięcie Iwony Wieczorek,31963
2061917,2026,1,151,Bogdan Trojanek,30185
106458,2026,1,168,Andrzej Ułasiewicz,29209
5985509,2026,1,175,Plebiscyt Przeglądu Sportowego 2025,28556
897740,2026,1,184,Adam Borowski,27981
209246,2026,1,189,Zima stulecia,27646
783009,2026,1,263,Andrzej Banasiak,23484
5263515,2026,1,267,Robert Dobrzycki,23081
5861486,2026,1,316,Aleksandra Grabowska (aktorka),21499
1683381,2026,1,332,Lech Wilczek,21020
3681057,2026,1,363,Ola Ciupa,20285
2302464,2026,1,364,Lista najstarszych ludzi w Polsce,20258
4667611,2026,1,399,Czarny Kot (samowola budowlana),19218
2830494,2026,1,432,Katarzyna Butowtt,18518
2528082,2026,1,439,Dorota Szelągowska,18342
165643,2026,1,449,Michał Wójcik (komik),18052
4307220,2026,1,461,Akop Szostak,17768
3481676,2026,1,484,Radzimir Dębski,17324
2198525,2026,1,514,19. Południk,16764
2120547,2026,1,520,Kabaret Nowaki,16672
352558,2026,1,522,Eugeniusz Olejarczyk,16625
1565980,2026,1,523,Krzysztof Dzierma,16623
5375201,2026,1,577,Magdalena Prokopowicz,15905
2916980,2026,1,578,Małgorzata Rozenek-Majdan,15904
1587858,2026,1,592,Cwel,15772
5523843,2026,1,628,Magdalena Narożna,15289
6005380,2026,1,638,Livka (piosenkarka),15154
591898,2026,1,641,Anna Popek,15150
1302254,2026,1,647,Sprawa zabójstwa Krzysztofa Olewnika,15107
670996,2026,1,650,Neo-Nówka,15062
2829833,2026,1,660,Adrianna Borek,14972
663003,2026,1,715,Katarzyna Stoparczyk,14375
2153196,2026,1,735,Krzysztof Hulboj,14187
805572,2026,1,798,Jarosław Sokołowski (gangster),13743
1634194,2026,1,807,Krystyna Mazurówna,13635
1232047,2026,1,845,Agnieszka Woźniak-Starak,13302
5734178,2026,1,852,Zalia,13239
1115751,2026,1,853,Mirosław Danielak,13226
3108052,2026,1,861,Joanna Przetakiewicz,13194
3799780,2026,1,882,Mariusz Jędrzejko,12984
1373308,2026,1,887,Roman Żurek,12926
5767443,2026,1,909,Plebiscyt Przeglądu Sportowego 2024,12761
4376862,2026,1,925,Disco Star,12656
5757689,2026,1,946,Michał Olszewski (duchowny),12550
4759176,2026,1,954,Arkadiusz Szkutnik,12493
1043256,2026,1,986,Grzegorz Jankowski (dziennikarz),12227
565959,2026,1,991,Dominika Gawęda,12198
305642,2026,2,7,Huta Metali Nieżelaznych Szopienice,351837
2911240,2026,2,12,Dominika Żukowska,190699
438686,2026,2,31,Polscy medaliści zimowych igrzysk olimpijskich,103660
496728,2026,2,56,Bogdan Kacmajor,62250
496307,2026,2,75,Maria Wiernikowska,50674
5807070,2026,2,101,Zdzisław Grudzień,40617
5499832,2026,2,127,Skolim,34765
874120,2026,2,137,Beata Paluch,33091
5982495,2026,2,228,Niebo. Rok w piekle,26116
5102150,2026,2,238,Paweł (Katowice),25503
2741617,2026,2,256,Maciej Bochniak,24433
1101804,2026,2,378,LKS Klimczok Bystra,19347
3574622,2026,2,383,Sebastian Pawlak,19180
1269861,2026,2,384,Andrzej Korycki (piosenkarz),19177
5669055,2026,2,392,Rodzeństwo Prevców,18971
5263515,2026,2,427,Robert Dobrzycki,17919
198353,2026,2,463,Reprezentacja Polski w skokach narciarskich,17005
5843155,2026,2,469,The Traitors. Zdrajcy,16817
1562436,2026,2,518,Kali (raper),16177
468386,2026,2,519,Joka,16175
5597555,2026,2,540,Piotr Wagner,15883
3110896,2026,2,574,Aleksander Milwiw-Baron,15266
5499590,2026,2,578,Radosław Piesiewicz,15228
4775724,2026,2,583,Ewa Żarska,15115
4183470,2026,2,596,Edmund Gryglewicz,14874
2304885,2026,2,609,Emerytura olimpijska,14755
86849,2026,2,619,Zbigniew Hołdys,14584
5734178,2026,2,622,Zalia,14533
4674457,2026,2,673,Magdalena Sobkowiak-Czarnecka,13801
5260104,2026,2,674,Friz,13794
1587858,2026,2,683,Cwel,13602
949639,2026,2,691,Zbigniew Sajnóg,13545
5828079,2026,2,699,Zuzanna Witych,13422
210385,2026,2,705,Przemysław Babiarz,13348
5799546,2026,2,739,U Pana Boga w Królowym Moście,12935
1011745,2026,2,773,Ewa Żukowska,12557
2528082,2026,2,782,Dorota Szelągowska,12459
3295258,2026,2,805,Jacek Walkiewicz,12346
1232047,2026,2,865,Agnieszka Woźniak-Starak,11965
5441584,2026,2,872,Edyta Folwarska,11929
2400037,2026,2,917,Radosław Markowski,11585
106458,2026,2,932,Andrzej Ułasiewicz,11459
5500709,2026,2,933,Wersow,11453
2830494,2026,2,973,Katarzyna Butowtt,11158
6022108,2026,2,976,Hugo Tarres,11150
3929814,2026,3,13,Piotr Kędzierski,108585
4503805,2026,3,15,Kamil Nożyński,104653
305642,2026,3,32,Huta Metali Nieżelaznych Szopienice,70985
3946415,2026,3,85,Wojciech Szewko,41242
4674457,2026,3,127,Magdalena Sobkowiak-Czarnecka,32927
2062376,2026,3,130,Miuosh,32578
5843155,2026,3,134,The Traitors. Zdrajcy,31942
3796898,2026,3,178,Tomasz Wygoda,27599
5903246,2026,3,184,Królowa przetrwania,27005
4307220,2026,3,202,Akop Szostak,25437
5499832,2026,3,203,Skolim,25424
1251993,2026,3,247,Marzanna Graff,23486
3165684,2026,3,269,Maffashion,21839
5263515,2026,3,278,Robert Dobrzycki,21602
5023921,2026,3,283,Maciej Pesta,21404
3799780,2026,3,311,Mariusz Jędrzejko,20225
4579545,2026,3,357,Jacek Jeschke,18886
4724752,2026,3,367,Janusz Ratajczak (śpiewak),18617
897740,2026,3,429,Adam Borowski,17131
4334209,2026,3,433,Wanda Buk,17100
3829451,2026,3,435,Hanna Żudziewicz,17086
3077367,2026,3,473,Koral (lody),16299
4750829,2026,3,484,Hotel Paradise,16139
3108052,2026,3,517,Joanna Przetakiewicz,15565
2916980,2026,3,524,Małgorzata Rozenek-Majdan,15426
4505245,2026,3,532,Władysław Teofil Bartoszewski,15210
5335826,2026,3,537,Lil Masti,15148
508027,2026,3,543,Eugeniusz Chimczak,15050
6046120,2026,3,547,Jagoda Gancarek,15002
1587858,2026,3,559,Cwel,14777
5520510,2026,3,584,Fagata,14327
1524920,2026,3,599,Rinke Rooyens,14191
4770081,2026,3,658,Malwina Wędzikowska,13597
3160575,2026,3,680,Daniel Galus,13366
495996,2026,3,722,Iwona Pavlović,12909
5890711,2026,3,724,The Floor,12905
2528082,2026,3,728,Dorota Szelągowska,12853
4140823,2026,3,738,Sprawa śmierci Ewy Tylman,12778
4890977,2026,3,786,Filip Gurłacz,12280
1048313,2026,3,796,Piotr Gursztyn,12220
496728,2026,3,810,Bogdan Kacmajor,12087
5627689,2026,3,833,Robert Stockinger,11896
1302254,2026,3,844,Sprawa zabójstwa Krzysztofa Olewnika,11785
1115787,2026,3,855,Ryszard Bogucki,11691
4465928,2026,3,864,Jakub Wons,11615
1034284,2026,3,873,Rafał Maserak,11543
5875869,2026,3,874,Szpital św. Anny,11533
1707154,2026,3,880,Małgorzata Potocka (tancerka),11470
6051847,2026,3,889,Dawid Bratko,11436
1022111,2026,3,892,Marcin Hakiel,11414
5425062,2026,3,897,Agnieszka Grzelak (blogerka),11403
5004864,2026,3,898,Łukasz Mejza,11400
6044305,2026,3,922,Piekło kobiet (serial telewizyjny),11260
4735318,2026,3,941,Marta Kightley,11174
1614516,2026,3,952,Czar par,11074
4617368,2026,3,957,Gabi Drzewiecka,11063
6052598,2026,4,29,Marek Magiera,57933
1901667,2026,4,40,Sprawa Łomiarza,47674
5004864,2026,4,43,Łukasz Mejza,47155
1039763,2026,4,45,Edward Miszczak,46531
6067011,2026,4,53,Fundacja Cancer Fighters,41218
3799780,2026,4,62,Mariusz Jędrzejko,38490
2062376,2026,4,77,Miuosh,34207
5418792,2026,4,79,Peja vs Tede,33651
5499590,2026,4,86,Radosław Piesiewicz,32317
3929814,2026,4,99,Piotr Kędzierski,30326
3802639,2026,4,100,Eveline Cosmetics,30322
5499832,2026,4,102,Skolim,29729
3332927,2026,4,108,Martyna Załoga,29251
5843155,2026,4,136,The Traitors. Zdrajcy,27070
5131446,2026,4,142,Andrzej Kowalski (generał),26611
5734178,2026,4,143,Zalia,26517
5391777,2026,4,165,Beata Drzazga,24678
6062738,2026,4,192,Edward Warchocki,23393
6056819,2026,4,219,Magdalena Bentkowska,21781
5087191,2026,4,240,Katarzyna Kubacka-Seweryn,20844
5903246,2026,4,241,Królowa przetrwania,20801
5818004,2026,4,243,Natalisa,20766
305642,2026,4,251,Huta Metali Nieżelaznych Szopienice,20398
275917,2026,4,271,Wojciech Morawski (muzyk),19714
6049528,2026,4,287,Anna Korwin-Piotrowska,19024
5270320,2026,4,294,Żurnalista,18876
4750829,2026,4,321,Hotel Paradise,18234
3165684,2026,4,334,Maffashion,17964
5458182,2026,4,374,Marissa (piosenkarka),17083
2708251,2026,4,397,Ryszard Florek,16577
5520510,2026,4,434,Fagata,15902
4775724,2026,4,477,Ewa Żarska,14999
5652433,2026,4,485,Michał Marszał,14822
4579545,2026,4,531,Jacek Jeschke,14220
3767425,2026,4,534,Krystian Markiewicz,14177
4770081,2026,4,547,Malwina Wędzikowska,14019
2366013,2026,4,560,Poparzeni Kawą Trzy,13805
3733133,2026,4,571,Marcin Matczak,13631
4540908,2026,4,575,Total Casino,13551
3767268,2026,4,612,Juha Miettinen,13173
6032232,2026,4,637,Agnieszka Kołodziejska,12933
6051847,2026,4,641,Dawid Bratko,12909
3108052,2026,4,674,Joanna Przetakiewicz,12602
1524920,2026,4,678,Rinke Rooyens,12573
4253074,2026,4,686,Dariusz Szostek,12493
4890977,2026,4,696,Filip Gurłacz,12425
2528082,2026,4,721,Dorota Szelągowska,12197
4503805,2026,4,727,Kamil Nożyński,12132
4534185,2026,4,739,Maciej Taborowski,12042
2055352,2026,4,747,Zenon Rzeźniczak,11952
2916980,2026,4,806,Małgorzata Rozenek-Majdan,11475
5976628,2026,4,827,Mikołaj Bagiński (przedsiębiorca),11353
3829451,2026,4,852,Hanna Żudziewicz,11168
1115787,2026,4,858,Ryszard Bogucki,11125
5942204,2026,4,861,Miü,11107
1862834,2026,4,892,Bogusława Blajfer,10908
4465928,2026,4,893,Jakub Wons,10907
6067497,2026,4,932,Ciągle tutaj jestem (diss na raka),10741
5425062,2026,4,966,Agnieszka Grzelak (blogerka),10617
841053,2026,4,974,Łukasz Zagrobelny,10538
5875869,2026,4,992,Szpital św. Anny,10418
5499832,2026,5,31,Skolim,53023
3862891,2026,5,33,Krzysztof Gojdź,51918
1815918,2026,5,71,Izabela Janachowska-Jabłońska,41865
840950,2026,5,101,Stanisław Janicki (filmowiec),33911
5734178,2026,5,106,Zalia,32936
3829451,2026,5,108,Hanna Żudziewicz,31679
6074264,2026,5,111,Gamou Fall,31040
4579545,2026,5,115,Jacek Jeschke,30131
3799780,2026,5,116,Mariusz Jędrzejko,30106
5903246,2026,5,118,Królowa przetrwania,29923
4674457,2026,5,122,Magdalena Sobkowiak-Czarnecka,29232
3929814,2026,5,134,Piotr Kędzierski,28332
4757215,2026,5,179,Mariusz Węgłowski,24750
4770081,2026,5,185,Malwina Wędzikowska,24057
5843155,2026,5,192,The Traitors. Zdrajcy,23742
3479247,2026,5,233,Maciej Zaborowski,21458
4864936,2026,5,238,Marcin Kozakiewicz,21397
5004864,2026,5,254,Łukasz Mejza,20755
4750829,2026,5,264,Hotel Paradise,20242
1524920,2026,5,275,Rinke Rooyens,19848
5520510,2026,5,299,Fagata,18946
4540908,2026,5,300,Total Casino,18792
4313797,2026,5,339,Tamara Gonzalez Perea,17648
5895376,2026,5,346,Andrzej Mrowiec,17469
5187551,2026,5,352,Olga Łasak,17267
421020,2026,5,376,Róże Europy,16659
3165684,2026,5,390,Maffashion,16185
6062738,2026,5,423,Edward Warchocki,15654
1901667,2026,5,428,Sprawa Łomiarza,15578
5875869,2026,5,459,Szpital św. Anny,15045
2916980,2026,5,468,Małgorzata Rozenek-Majdan,14948
593174,2026,5,516,Agnieszka Fatyga,14224
6032232,2026,5,526,Agnieszka Kołodziejska,14070
4524560,2026,5,555,Katarzyna Kołodziejczyk (politolog),13666
6051847,2026,5,592,Dawid Bratko,13246
5863337,2026,5,607,Wiktor Waligóra,13119
2621879,2026,5,624,Odznaczeni Orderem Orła Białego (III Rzeczpospolita),12971
3108052,2026,5,628,Joanna Przetakiewicz,12958
6079636,2026,5,720,Referendum gminne w sprawie odwołania Prezydenta Miasta Krakowa oraz Rady Miejskiej Krakowa przed upływem kadencji w 2026 roku,12247
3733133,2026,5,743,Marcin Matczak,12047
5179615,2026,5,750,Katarzyna Sienkiewicz (wokalistka),12021
5982759,2026,5,751,Marian Zmarzły,12015
495996,2026,5,772,Iwona Pavlović,11827
5818004,2026,5,837,Natalisa,11430
2062376,2026,5,850,Miuosh,11355
733637,2026,5,873,Paweł Jaskanis,11228
5499590,2026,5,918,Radosław Piesiewicz,10919
2552054,2026,5,937,Ewa Błachnio,10754
4890977,2026,5,962,Filip Gurłacz,10626
1039763,2026,5,964,Edward Miszczak,10614
3584444,2026,5,989,Ryszard Piotrowski,10471
874113,2026,6,19,Bogdan Olewicz,101953
5499832,2026,6,32,Skolim,76231
4485229,2026,6,34,Andrzej Szeptycki (politolog),66569
2621879,2026,6,45,Odznaczeni Orderem Orła Białego (III Rzeczpospolita),56701
4094907,2026,6,56,Odznaczeni Orderem Orła Białego (II Rzeczpospolita),49111
4674457,2026,6,66,Magdalena Sobkowiak-Czarnecka,45417
148258,2026,6,79,Andrzej Mogielnicki,42293
5410792,2026,6,90,Alaksiej Nasiewicz,39139
4809949,2026,6,103,Tadeusz Gołębiewski (przedsiębiorca),35636
5569747,2026,6,123,Monika Horna-Cieślak,32550
2835026,2026,6,131,Jacek Dubois,31674
5004864,2026,6,162,Łukasz Mejza,29087
6051847,2026,6,165,Dawid Bratko,28498
4693982,2026,6,232,Andrzej Sasin,23340
5734178,2026,6,235,Zalia,23283
5948397,2026,6,250,Maciej Krakowian,22499
5976628,2026,6,282,Mikołaj Bagiński (przedsiębiorca),20530
4540908,2026,6,284,Total Casino,20378
487413,2026,6,424,Maciej Dowbor,16566
3580472,2026,6,458,Dariusz Zawistowski,15713
4346381,2026,6,489,Zbigniew Parafianowicz,15255
3675590,2026,6,492,Kapituła Orderu Orła Białego,15117
4560733,2026,6,494,Łukasz Drapała,15062
4040416,2026,6,540,Patryk Słowik,14433
3461152,2026,6,543,Piotr Pytel,14365
3862891,2026,6,549,Krzysztof Gojdź,14298
223115,2026,6,558,Aleksander Lwow,14112
179389,2026,6,601,Maciej Balcar,13669
1232047,2026,6,603,Agnieszka Woźniak-Starak,13641
730857,2026,6,609,Aleksandra Kwaśniewska,13565
5571794,2026,6,628,Maria Ejchart,13273
897740,2026,6,655,Adam Borowski,13034
6050932,2026,6,661,Król dopalaczy,12968
5085463,2026,6,735,Warszawski Szpital Południowy,12090
86849,2026,6,776,Zbigniew Hołdys,11677
2366013,2026,6,783,Poparzeni Kawą Trzy,11635
205007,2026,6,805,Paulina Chylewska,11475
4524560,2026,6,807,Katarzyna Kołodziejczyk (politolog),11470
128673,2026,6,830,Robert Friedrich,11264
4095222,2026,6,837,Odznaczeni Orderem Orła Białego (I Rzeczpospolita),11207
3481676,2026,6,838,Radzimir Dębski,11207
670996,2026,6,880,Neo-Nówka,10882
2916980,2026,6,900,Małgorzata Rozenek-Majdan,10783
6088391,2026,6,905,Afera podkarpacka,10755
5884436,2026,6,914,Jakub Nowak (siatkarz),10687
1373308,2026,6,952,Roman Żurek,10439
3130955,2026,6,965,Arleta Bojke,10347
200401,2026,6,976,Sebastian Riedel,10315
